source,search_keyword,title,company,location,date_posted,url,first_seen
linkedin,Data Analyst Retail,Business Analyst - Performance des actifs F/H,Groupe SNCF,"St.-Denis, Île-de-France, France",2026-10-10,https://www.linkedin.com/jobs/view/4476250333,2026-10-09
linkedin,Prévision des ventes,Concepteur Vendeur Cuisine F/H,Darty,"Mantes-la-Jolie, Île-de-France, France",2026-10-10,https://www.linkedin.com/jobs/view/4475510743,2026-10-05
hellowork,Prévision des ventes,Product Manager H/F,De Graët Consulting,Yvelines - 78,2026-10-10,https://www.hellowork.com/fr-fr/emplois/84259073.html,2026-10-09
linkedin,Data Analyst Retail,CDI - Business Analyst (H/F),Parfums Christian Dior,"Paris, Île-de-France, France",2026-10-10,https://www.linkedin.com/jobs/view/4449451886,2026-10-10
linkedin,Contrôleur de gestion retail,Visual Merchandising Budget Analyst (H/F),Christian Dior Couture,"Paris, Île-de-France, France",2026-10-10,https://www.linkedin.com/jobs/view/4450283233,2026-10-10
linkedin,Prévision des ventes,Concepteur Vendeur Cuisine,Darty,"Gennevilliers, Île-de-France, France",2026-10-10,https://www.linkedin.com/jobs/view/4427160438,2026-10-10
linkedin,Prévision des ventes,Endoluminal Sales Manager France & Benelux,Intuitive,"Paris, Île-de-France, France",2026-10-10,https://www.linkedin.com/jobs/view/4450243300,2026-10-10
linkedin,Demand Planner,Responsable supply chain clients (H/F),LISI AEROSPACE,"Saint-Ouen-l’Aumône, Île-de-France, France",2026-10-10,https://www.linkedin.com/jobs/view/4478042146,2026-10-10
linkedin,Contrôleur de gestion retail,FP&A Controller F/H,asmodee,"Boulogne-Billancourt, Île-de-France, France",2026-10-10,https://www.linkedin.com/jobs/view/4476859877,2026-10-10
hellowork,Demand Planner,Demand Planner H/F,Sinclair Ressources,Hauts-de-Seine - 92,2026-10-10,https://www.hellowork.com/fr-fr/emplois/83214177.html,2026-10-10
hellowork,Prévision des ventes,Directeur de Business Unit Data & IA Paris H/F,Skaelia,Paris 1er - 75,2026-10-10,https://www.hellowork.com/fr-fr/emplois/84308053.html,2026-10-10
hellowork,Prévision des ventes,Responsable Practice Data - IA Paris H/F,Skaelia,Paris 1er - 75,2026-10-10,https://www.hellowork.com/fr-fr/emplois/84307901.html,2026-10-10
hellowork,Prévision des ventes,Responsable d'Agence IA & Data - Paris H/F,Skaelia,Paris 1er - 75,2026-10-10,https://www.hellowork.com/fr-fr/emplois/84296174.html,2026-10-10
hellowork,Prévision des ventes,Sushiman H/F,Veng Hour,Le Chesnay-Rocquencourt - 78,2026-10-10,https://www.hellowork.com/fr-fr/emplois/79932034.html,2026-10-10
hellowork,Prévision des ventes,Stage - Supply Chain Data & Operations Analyst H/F,Sézane,Paris - 75,2026-10-10,https://www.hellowork.com/fr-fr/emplois/83202883.html,2026-10-10
hellowork,Prévision des ventes,Assistant Logistique et Commercial Après-Vente H/F,Jobmania,Paris - 75,2026-10-10,https://www.hellowork.com/fr-fr/emplois/83202769.html,2026-10-10
hellowork,Prévision des ventes,Econome H/F,Staffmatch,Paris - 75,2026-10-10,https://www.hellowork.com/fr-fr/emplois/79978153.html,2026-10-10
hellowork,Prévision des ventes,Gestionnaire Flux Matériaux et Support Exportation H/F,ISD,Versailles - 78,2026-10-10,https://www.hellowork.com/fr-fr/emplois/83176718.html,2026-10-10
hellowork,Contrôleur de gestion retail,Chargé de Gestion Financière Réseau - CDD H/F,Intersport,Longjumeau - 91,2026-10-10,https://www.hellowork.com/fr-fr/emplois/84284107.html,2026-10-10
hellowork,Prévision des ventes,Stage Contrôle de Gestion H/F,Arkema,Puteaux - 92,2026-10-10,https://www.hellowork.com/fr-fr/emplois/84273282.html,2026-10-10
hellowork,Prévision des ventes,Agent Commercial H/F,Noviac,Paris - 75,2026-10-10,https://www.hellowork.com/fr-fr/emplois/84263532.html,2026-10-10
hellowork,Prévision des ventes,Chief Sales Officer de Transition H/F,Bloomays,Paris - 75,2026-10-10,https://www.hellowork.com/fr-fr/emplois/84261577.html,2026-10-10
hellowork,Prévision des ventes,Chef de Produits - Gammes Pro Autolaveuses - Balayeuses H/F,Kärcher SAS,Bonneuil-sur-Marne - 94,2026-10-10,https://www.hellowork.com/fr-fr/emplois/84261139.html,2026-10-10
hellowork,Demand Planner,Responsable de Rayon Fruits et Légumes H/F,Monoprix,Paris 6e - 75,2026-10-10,https://www.hellowork.com/fr-fr/emplois/83214618.html,2026-10-10
linkedin,Demand Planner,Analyste Senior Revenue Management F/H,JCDecaux,"Neuilly-sur-Seine, Île-de-France, France",2026-10-09,https://www.linkedin.com/jobs/view/4475471909,2026-10-08
linkedin,Demand Planner,Planificateur de production H/F,ARESIA,"Valenton, Île-de-France, France",2026-10-09,https://www.linkedin.com/jobs/view/4474263345,2026-10-05
linkedin,Data Analyst Retail,Data Analyst confirmé (F/H),Agorastore,"Montreuil, Île-de-France, France",2026-10-09,https://www.linkedin.com/jobs/view/4465552337,2026-09-16
linkedin,Data Analyst Retail,Marketing Data Scientist Consultant,Sia,"Paris, Île-de-France, France",2026-10-09,https://www.linkedin.com/jobs/view/4477644689,2026-10-09
linkedin,Prévision des ventes,Inside Sales Support Data Center Solutions | Paris/France (all genders),BACHMANN Group,"Paris, Île-de-France, France",2026-10-09,https://www.linkedin.com/jobs/view/4474898643,2026-10-09
linkedin,Prévision des ventes,Représentant technico-commercial,Verisure,Greater Paris Metropolitan Region,2026-10-09,https://www.linkedin.com/jobs/view/4471741683,2026-10-09
linkedin,Contrôleur de gestion retail,Gestionnaire Approvisionnement Junior (H/F),Groupe Rand,"Paris, Île-de-France, France",2026-10-09,https://www.linkedin.com/jobs/view/4476290046,2026-10-09
linkedin,Contrôleur de gestion retail,Contrôleur de gestion Franchise F/H,Fnac Darty,"Ivry-sur-Seine, Île-de-France, France",2026-10-09,https://www.linkedin.com/jobs/view/4477665493,2026-10-09
linkedin,Contrôleur de gestion retail,Senior controller,G LA DALLE® France,"Paris, Île-de-France, France",2026-10-09,https://www.linkedin.com/jobs/view/4421864376,2026-10-09
linkedin,Contrôleur de gestion retail,CDI - Contrôleur de gestion (H/F),LIMAGRAIN,"Paris, Île-de-France, France",2026-10-09,https://www.linkedin.com/jobs/view/4477148987,2026-10-09
linkedin,Contrôleur de gestion retail,CDI - Contrôleur de gestion (H/F),Jacquet Brossard - Groupe Limagrain,"Paris, Île-de-France, France",2026-10-09,https://www.linkedin.com/jobs/view/4475210119,2026-10-09
linkedin,Contrôleur de gestion retail,Cluster Financial Controller Bath & Wellness Division,Villeroy & Boch Group,"Paris, Île-de-France, France",2026-10-09,https://www.linkedin.com/jobs/view/4475216667,2026-10-09
indeed,Data Analyst Retail,CDI – Data Analyst CRM H/F/X,Groupe Clarins,"Paris, A8, France",2026-10-09,https://fr.indeed.com/viewjob?jk=b48c7d344c1ffd91,2026-10-09
indeed,Contrôleur de gestion retail,Contrôleur de gestion retail et digital - F/H,Celio,"Saint-Ouen, A8, France",2026-10-09,https://fr.indeed.com/viewjob?jk=23c7d853573539ed,2026-10-09
indeed,Prévision des ventes,Product Planner F/H,Celio,"Saint-Ouen, A8, France",2026-10-09,https://fr.indeed.com/viewjob?jk=72ddbef3d9dcf89f,2026-10-09
indeed,Prévision des ventes,International Sales Merchandiser,Groupe ETAM,"Clichy, A8, France",2026-10-09,https://fr.indeed.com/viewjob?jk=981478caf719691c,2026-10-09
indeed,Prévision des ventes,Business Partner Planning Solution F/H,Celio,"Saint-Ouen, A8, France",2026-10-09,https://fr.indeed.com/viewjob?jk=59244d6cc3278cc7,2026-10-09
indeed,Prévision des ventes,STAGES - Contrôle de gestion F/H | Janvier 2027,Reckitt,"Massy, A8, France",2026-10-09,https://fr.indeed.com/viewjob?jk=10bbf609e4bcc468,2026-10-09
indeed,Prévision des ventes,Contrôleur de Gestion Projet (F/H),ALSTOM,"Saint-Ouen, A8, France",2026-10-09,https://fr.indeed.com/viewjob?jk=6e9f95e5f31e8861,2026-10-09
indeed,Prévision des ventes,"CDI - Consultant.e Transport, Infrastructure, Manufacturing & Energy",Wavestone,"Paris, A8, France",2026-10-09,https://fr.indeed.com/viewjob?jk=bcf728e6d7d13bac,2026-10-09
hellowork,Demand Planner,Demand Planner H/F,KNDS,Versailles - 78,2026-10-09,https://www.hellowork.com/fr-fr/emplois/83156590.html,2026-10-09
hellowork,Demand Planner,Demand Planner H/F,Nexter,Versailles - 78,2026-10-09,https://www.hellowork.com/fr-fr/emplois/83148986.html,2026-10-09
hellowork,Demand Planner,Stage Supply Chain & Demand Planning International H/F,PSA Retail France SAS,Poissy - 78,2026-10-09,https://www.hellowork.com/fr-fr/emplois/84233501.html,2026-10-09
hellowork,Demand Planner,Stage Demand Planner - Paris H/F,Barilla,Boulogne-Billancourt - 92,2026-10-09,https://www.hellowork.com/fr-fr/emplois/84229025.html,2026-10-09
hellowork,Prévision des ventes,International Sales Merchandiser H/F,Etam,Clichy - 92,2026-10-09,https://www.hellowork.com/fr-fr/emplois/84249336.html,2026-10-09
hellowork,Prévision des ventes,Responsable de Production Electronique - Poste H/F,Sofitex,Trappes - 78,2026-10-09,https://www.hellowork.com/fr-fr/emplois/83160713.html,2026-10-09
hellowork,Prévision des ventes,Planificateur de Production Industriel H/F,SCIENTECH Intérim,Aulnay-sous-Bois - 93,2026-10-09,https://www.hellowork.com/fr-fr/emplois/83145970.html,2026-10-09
hellowork,Prévision des ventes,Boucheron - Stage Assistant Chef de Produit Marketing Joaillerie H/F,Kering,Paris - 75,2026-10-09,https://www.hellowork.com/fr-fr/emplois/83136296.html,2026-10-09
hellowork,Prévision des ventes,Forecaster - CDI H/F,Lagardère Travel Retail,Levallois-Perret - 92,2026-10-09,https://www.hellowork.com/fr-fr/emplois/81091181.html,2026-10-09
hellowork,Prévision des ventes,Category Manager Oxybul H/F,Okaidi,Levallois-Perret - 92,2026-10-09,https://www.hellowork.com/fr-fr/emplois/84231114.html,2026-10-09
hellowork,Prévision des ventes,Sales Developer H/F,Capgemini,Issy-les-Moulineaux - 92,2026-10-09,https://www.hellowork.com/fr-fr/emplois/84228102.html,2026-10-09
hellowork,Contrôleur de gestion retail,Jac - Sc - Contrôleur de Gestion Achats - Vêtements Permanents H/F,Jacadi,Levallois-Perret - 92,2026-10-09,https://www.hellowork.com/fr-fr/emplois/84224349.html,2026-10-09
hellowork,Demand Planner,Approvisionneur H/F,Thom Group,Paris - 75,2026-10-09,https://www.hellowork.com/fr-fr/emplois/84236658.html,2026-10-09
hellowork,Contrôleur de gestion retail,Contrôleur Financier H/F,Sézane,Paris - 75,2026-10-09,https://www.hellowork.com/fr-fr/emplois/83157336.html,2026-10-09
linkedin,Data Analyst Retail,Lead Data Analyste H/F,Ecomaison,"Paris, Île-de-France, France",2026-10-09,https://www.linkedin.com/jobs/view/4456301500,2026-09-24
linkedin,Data Analyst Retail,Client Insights Data Analyst (F/H),Louis Vuitton,"Paris, Île-de-France, France",2026-10-09,https://www.linkedin.com/jobs/view/4432406350,2026-10-10
linkedin,Data Analyst Retail,CDI - Senior Data Scientist - (X/F/H),CHANEL,"Paris, Île-de-France, France",2026-10-09,https://www.linkedin.com/jobs/view/4467870142,2026-10-10
linkedin,Contrôleur de gestion retail,Contrôleur de gestion retail et digital - F/H,celio,"St.-Ouen, Île-de-France, France",2026-10-09,https://www.linkedin.com/jobs/view/4475200609,2026-10-10
linkedin,Data Analyst Retail,Senior Data Analyst,Skello,"Paris, Île-de-France, France",2026-10-09,https://www.linkedin.com/jobs/view/4440945326,2026-10-10
linkedin,Contrôleur de gestion retail,CDI – Contrôleur/se de Gestion Commercial (F/H),"GROUPE BON MARCHÉ : Le Bon Marché Rive Gauche, La Grande Epicerie de Paris et la Samaritaine","Paris, Île-de-France, France",2026-10-09,https://www.linkedin.com/jobs/view/4476299550,2026-10-10
linkedin,Data Analyst Retail,Analytic Consultant,NielsenIQ,"Bezons, Île-de-France, France",2026-10-09,https://www.linkedin.com/jobs/view/4476808418,2026-10-10
linkedin,Data Analyst Retail,CDD - Data Analyst F/H,La Poste Groupe,"Paris, Île-de-France, France",2026-10-09,https://www.linkedin.com/jobs/view/4477836659,2026-10-10
linkedin,Prévision des ventes,Conseiller technique de vente Applied H/F,Carrier,"Massy, Île-de-France, France",2026-10-09,https://www.linkedin.com/jobs/view/4476854663,2026-10-10
linkedin,Prévision des ventes,Ingénieur Commercial Conseil Fiscalité Locale H/F,Ayming,"Levallois-Perret, Île-de-France, France",2026-10-09,https://www.linkedin.com/jobs/view/4363979337,2026-10-10
linkedin,Prévision des ventes,Technico-commercial H/F,Unéo,"Montrouge, Île-de-France, France",2026-10-09,https://www.linkedin.com/jobs/view/4476854519,2026-10-10
linkedin,Prévision des ventes,Technico-commercial Itinérant Junior F/H,KEYENCE CORPORATION,"Bois-Colombes, Île-de-France, France",2026-10-09,https://www.linkedin.com/jobs/view/4476822101,2026-10-10
linkedin,Prévision des ventes,Ingénieur Technico-commercial Itinérant Junior F/H,KEYENCE CORPORATION,"Bois-Colombes, Île-de-France, France",2026-10-09,https://www.linkedin.com/jobs/view/4476816441,2026-10-10
linkedin,Prévision des ventes,Head of Technical Sales M/W,Pasqal,"Paris, Île-de-France, France",2026-10-09,https://www.linkedin.com/jobs/view/4469143269,2026-10-10
linkedin,Prévision des ventes,CDI - Conseiller de vente en menuiserie (H/F) Saint-Denis (93),Leroy Merlin,"St.-Denis, Île-de-France, France",2026-10-09,https://www.linkedin.com/jobs/view/4475223902,2026-10-10
linkedin,Demand Planner,Supply Planner F/H,Reckitt,"Massy, Île-de-France, France",2026-10-09,https://www.linkedin.com/jobs/view/4477869315,2026-10-10
linkedin,Demand Planner,Distribution Planner H/F,Polène Paris,"Paris, Île-de-France, France",2026-10-09,https://www.linkedin.com/jobs/view/4460101479,2026-10-10
linkedin,Demand Planner,Gestionnaire Approvisionnement Junior (H/F),Groupe Rand,"Paris, Île-de-France, France",2026-10-09,https://www.linkedin.com/jobs/view/4477671751,2026-10-10
linkedin,Demand Planner,Responsable supply chain clients (H/F),LISI GROUP,"Saint-Ouen-l’Aumône, Île-de-France, France",2026-10-09,https://www.linkedin.com/jobs/view/4475278186,2026-10-10
linkedin,Demand Planner,Assistant.e Approvisionnement (H/F),Groupe Rand,"Paris, Île-de-France, France",2026-10-09,https://www.linkedin.com/jobs/view/4477681406,2026-10-10
linkedin,Contrôleur de gestion retail,CDI - CONTROLEUR DE GESTION MARCHES H/F,Hermès,"Paris, Île-de-France, France",2026-10-09,https://www.linkedin.com/jobs/view/4391694376,2026-10-10
linkedin,Contrôleur de gestion retail,CDD - Contrôleur de Gestion Hermès Maison (H/F),Hermès,"Pantin, Île-de-France, France",2026-10-09,https://www.linkedin.com/jobs/view/4467582102,2026-10-10
linkedin,Contrôleur de gestion retail,Contrôleur interne et financier H/F,Intermarché,"Bondoufle, Île-de-France, France",2026-10-09,https://www.linkedin.com/jobs/view/4476803430,2026-10-10
linkedin,Contrôleur de gestion retail,Directeur(rice) Contrôle de Gestion Industriel (F/H),Louis Vuitton,"Paris, Île-de-France, France",2026-10-09,https://www.linkedin.com/jobs/view/4477882764,2026-10-10
linkedin,Contrôleur de gestion retail,Business Controller / Commercial Finance Business Partner,Midea France,"Paris, Île-de-France, France",2026-10-09,https://www.linkedin.com/jobs/view/4476808379,2026-10-10
linkedin,Contrôleur de gestion retail,Responsable des Opérations Retail - Western Europe,Le Creuset,"Paris, Île-de-France, France",2026-10-09,https://www.linkedin.com/jobs/view/4476820966,2026-10-10
linkedin,Contrôleur de gestion retail,"Responsable des Opérations Retail, Maison française de l’art de la table haut de gamme, Paris H/F - CDI",RMS,"Paris, Île-de-France, France",2026-10-09,https://www.linkedin.com/jobs/view/4475234272,2026-10-10
indeed,Data Analyst Retail,Data analyst power bi (H/F),Tibco,"Paris, A8, France",2026-10-09,https://fr.indeed.com/viewjob?jk=d3dc660faa38e0e0,2026-10-10
indeed,Data Analyst Retail,Data Analyst Confirmé – SQL / BigQuery / MDM (H/F),Espritek,"Paris, A8, France",2026-10-09,https://fr.indeed.com/viewjob?jk=a044d5bac964cd80,2026-10-10
indeed,Prévision des ventes,Retail Merchandiser International F/H,Celio,"Saint-Ouen, A8, France",2026-10-09,https://fr.indeed.com/viewjob?jk=b029094e3b8155fa,2026-10-10
indeed,Prévision des ventes,Sales Manager Cybersecurity - F/H,Accenture,"Paris, A8, France",2026-10-09,https://fr.indeed.com/viewjob?jk=3e49a6c0ed786094,2026-10-10
indeed,Prévision des ventes,Formateur Gestion Opérationnelle H/F,GROUPE ALTERNANCE MANTES LA JOLIE,"Mantes-la-Jolie, A8, France",2026-10-09,https://fr.indeed.com/viewjob?jk=dde99c3f210ce61d,2026-10-10
indeed,Prévision des ventes,Responsable Business développement CHR/Special Market,Le Creuset,"Paris 9e, A8, France",2026-10-09,https://fr.indeed.com/viewjob?jk=1a931f1c0a50fd88,2026-10-10
indeed,Prévision des ventes,Chargé de gestion financière réseau (H/F)​ - cdd 6 mois,Intersport,"Longjumeau, A8, France",2026-10-09,https://fr.indeed.com/viewjob?jk=d9916ad6c174d985,2026-10-10
indeed,Prévision des ventes,Stage : Contrôle de Gestion H/F,Arkema,"La Défense, A8, France",2026-10-09,https://fr.indeed.com/viewjob?jk=7618d8281205b59e,2026-10-10
indeed,Prévision des ventes,Analyste Financier Commercial FBL,GE HealthCare,"Buc, A8, France",2026-10-09,https://fr.indeed.com/viewjob?jk=9a974905f59bc2f5,2026-10-10
indeed,Prévision des ventes,chef de cuisine,M GALLERY,"Presles, A8, France",2026-10-09,https://fr.indeed.com/viewjob?jk=854f35a8881326b1,2026-10-10
indeed,Demand Planner,Supply Planner F/H,Reckitt,"Massy, A8, France",2026-10-09,https://fr.indeed.com/viewjob?jk=cb1a278f2df0dc3c,2026-10-10
linkedin,Data Analyst Retail,Senior Product Analyst  (M/F/X),HelloFresh,"Paris, Île-de-France, France",2026-10-08,https://www.linkedin.com/jobs/view/4459008209,2026-10-08
linkedin,Data Analyst Retail,Data Analyst - Business Excellence France (H/F),Servier France,"Suresnes, Île-de-France, France",2026-10-08,https://www.linkedin.com/jobs/view/4468242533,2026-10-08
linkedin,Prévision des ventes,Consultant Avant-Vente / Solution Engineer Salesforce H/F,Cloudity,"Paris, Île-de-France, France",2026-10-08,https://www.linkedin.com/jobs/view/4477109510,2026-10-08
linkedin,Prévision des ventes,Contrôleur de Gestion (Suivi de la Commercialisation) H/F,HORIBA France,"Palaiseau, Île-de-France, France",2026-10-08,https://www.linkedin.com/jobs/view/4465694003,2026-10-08
linkedin,Demand Planner,Supply Planner (H/F),SEGULA Technologies,"Wissous, Île-de-France, France",2026-10-08,https://www.linkedin.com/jobs/view/4467759537,2026-10-08
linkedin,Demand Planner,Gestionnaire stocks (H/F),CRMA Aero repair,"Élancourt, Île-de-France, France",2026-10-08,https://www.linkedin.com/jobs/view/4475783637,2026-10-08
linkedin,Demand Planner,Global Supply Chain Analyst (F/M/X),Solvay,"Aubervilliers, Île-de-France, France",2026-10-08,https://www.linkedin.com/jobs/view/4466862714,2026-10-08
linkedin,Demand Planner,Responsable Supply Chain (H/F),Confidential,"Île-de-France, France",2026-10-08,https://www.linkedin.com/jobs/view/4475785440,2026-10-08
indeed,Prévision des ventes,Material Manager (H/F),Acushnet Company,"Montataire, HDF, France",2026-10-08,https://fr.indeed.com/viewjob?jk=fd7c01aa838a9f29,2026-10-08
indeed,Contrôleur de gestion retail,Contrôleur de gestion Commerce F/H,Groupe Talents Handicap,"Créteil, A8, France",2026-10-08,https://fr.indeed.com/viewjob?jk=2a684914446504e2,2026-10-08
indeed,Contrôleur de gestion retail,[STAGE] Contrôleur de gestion h/f,BERTRAND HOSPITALITY,"Levallois-Perret, A8, France",2026-10-08,https://fr.indeed.com/viewjob?jk=5bd3a9565e282a21,2026-10-08
hellowork,Demand Planner,Demand Planner H/F,Michael Page,Sarcelles - 95,2026-10-08,https://www.hellowork.com/fr-fr/emplois/84205336.html,2026-10-08
hellowork,Prévision des ventes,Commercial Avicole H/F,Actual Talent,Paris 1er - 75,2026-10-08,https://www.hellowork.com/fr-fr/emplois/84212579.html,2026-10-08
hellowork,Prévision des ventes,Coordinateur 3Pl H/F,Michael Page,Melz-sur-Seine - 77,2026-10-08,https://www.hellowork.com/fr-fr/emplois/84205578.html,2026-10-08
hellowork,Prévision des ventes,Manager Business Flotte et Monte d'Origine H/F,Michael Page,Paris 13e - 75,2026-10-08,https://www.hellowork.com/fr-fr/emplois/84205394.html,2026-10-08
hellowork,Prévision des ventes,Account Manager Hunting - Île-De-France - Responsable Gestion de Comptes H/F,Hewlett Packard Enterprise,Puteaux - 92,2026-10-08,https://www.hellowork.com/fr-fr/emplois/84198594.html,2026-10-08
hellowork,Prévision des ventes,Responsable Développement Grands Comptes - Diconex H/F,Radiall,Val-d'Oise - 95,2026-10-08,https://www.hellowork.com/fr-fr/emplois/83112271.html,2026-10-08
hellowork,Prévision des ventes,Business Planning Specialist H/F,Bridgestone,Paris 13e - 75,2026-10-08,https://www.hellowork.com/fr-fr/emplois/83120087.html,2026-10-08
hellowork,Prévision des ventes,Key Account Manager - Secteur Mobilité H/F,Groupe ADF,Magny-les-Hameaux - 78,2026-10-08,https://www.hellowork.com/fr-fr/emplois/82144436.html,2026-10-08
hellowork,Prévision des ventes,Stage - Assistant·e Chef de Produit Soin - Marché France - Janvier 2027 H/F,Chanel,Paris - 75,2026-10-08,https://www.hellowork.com/fr-fr/emplois/83117262.html,2026-10-08
hellowork,Prévision des ventes,Stage - Assistant Business Analyst Demand Planning - Parfums Beauté Europe - Janvier 2027 H/F,Chanel,Paris - 75,2026-10-08,https://www.hellowork.com/fr-fr/emplois/81041731.html,2026-10-08
hellowork,Prévision des ventes,Sales Merchandiser EMEA H/F,Lacoste,Paris - 75,2026-10-08,https://www.hellowork.com/fr-fr/emplois/83102396.html,2026-10-08
hellowork,Prévision des ventes,Retail Planning Manager France H/F,Etam,Clichy - 92,2026-10-08,https://www.hellowork.com/fr-fr/emplois/84191815.html,2026-10-08
hellowork,Prévision des ventes,Commercial - Secteur Alimentaire H/F,LX FRANCE,Thiais - 94,2026-10-08,https://www.hellowork.com/fr-fr/emplois/84188919.html,2026-10-08
hellowork,Prévision des ventes,Sales Manager France - Adtech - Wpp H/F,Locala,Paris 9e - 75,2026-10-08,https://www.hellowork.com/fr-fr/emplois/84186505.html,2026-10-08
hellowork,Prévision des ventes,Responsable Grands Comptes Distribution Sélective H/F,L'Occitane,Paris 4e - 75,2026-10-08,https://www.hellowork.com/fr-fr/emplois/84185707.html,2026-10-08
hellowork,Prévision des ventes,Business Developer H/F,LUXIUM SOLUTIONS,Saint-Pierre-lès-Nemours - 77,2026-10-08,https://www.hellowork.com/fr-fr/emplois/84179859.html,2026-10-08
hellowork,Prévision des ventes,Manager des Opérations Logistique - Mission H/F,,Plaisir - 78,2026-10-08,https://www.hellowork.com/fr-fr/emplois/84179402.html,2026-10-08
hellowork,Prévision des ventes,Commercial Sédentaire - Industrie H/F,Bernard Mallet Conseil,Persan - 95,2026-10-08,https://www.hellowork.com/fr-fr/emplois/84179389.html,2026-10-08
hellowork,Demand Planner,Demand & Supply Planner H/F,Animalis,Paris 12e - 75,2026-10-08,https://www.hellowork.com/fr-fr/emplois/82149280.html,2026-10-08
hellowork,Contrôleur de gestion retail,Contrôle de Gestion H/F,MEOGROUP,Boulogne-Billancourt - 92,2026-10-08,https://www.hellowork.com/fr-fr/emplois/82134153.html,2026-10-08
linkedin,Prévision des ventes,Technical Sales Advisor H/F,Carrier,"Massy, Île-de-France, France",2026-10-08,https://www.linkedin.com/jobs/view/4473861755,2026-10-04
linkedin,Contrôleur de gestion retail,CDI - Contrôleur de gestion Communication Senior (F/H/X),Christian Dior Couture,"Paris, Île-de-France, France",2026-10-08,https://www.linkedin.com/jobs/view/4468245005,2026-09-17
hellowork,Prévision des ventes,Customer Service et Responsable Données Techniques en Industrie Pharmaceutique H/F,DELPHARM,France,2026-10-08,https://www.hellowork.com/fr-fr/emplois/84216521.html,2026-10-08
linkedin,Data Analyst Retail,Senior Data Analyst - Squad Immo. (F/N/H),leboncoin,"Paris, Île-de-France, France",2026-10-08,https://www.linkedin.com/jobs/view/4468279163,2026-10-09
linkedin,Contrôleur de gestion retail,Global Retail Planner,Maison Margiela,"Paris, Île-de-France, France",2026-10-08,https://www.linkedin.com/jobs/view/4469568167,2026-10-09
linkedin,Data Analyst Retail,Lead Analyste Data Marketing - CRM - CDI (H/F/X),Veepee,"Paris, Île-de-France, France",2026-10-08,https://www.linkedin.com/jobs/view/4475938387,2026-10-09
linkedin,Data Analyst Retail,Lead Analyste Data Marketing - CRM - CDI (H/F/X),Veepee,"L’île-Saint-Denis, Île-de-France, France",2026-10-08,https://www.linkedin.com/jobs/view/4477488544,2026-10-09
linkedin,Contrôleur de gestion retail,JAC/SC/Contrôleur(se) de Gestion Achats – Vêtements Permanents (H/F),Jacadi,"Levallois-Perret, Île-de-France, France",2026-10-08,https://www.linkedin.com/jobs/view/4477425917,2026-10-09
linkedin,Demand Planner,Analyste Flux – Tour de Contrôle F / H,Monoprix,"Clichy, Île-de-France, France",2026-10-08,https://www.linkedin.com/jobs/view/4457983898,2026-10-09
linkedin,Data Analyst Retail,Data Analyst Data & AI Senior - F/H - CDI,Talan,"Paris, Île-de-France, France",2026-10-08,https://www.linkedin.com/jobs/view/4475936736,2026-10-09
linkedin,Contrôleur de gestion retail,Contrôleur de gestion Senior - FP&A & Business Performance - (H/F),Aubade Paris,"Paris, Île-de-France, France",2026-10-08,https://www.linkedin.com/jobs/view/4474834371,2026-10-09
linkedin,Contrôleur de gestion retail,Senior FP&A Commercial Analyst,SC Johnson,"St.-Ouen, Île-de-France, France",2026-10-08,https://www.linkedin.com/jobs/view/4466200751,2026-10-09
linkedin,Demand Planner,Demand Planner F/H,Reckitt,"Massy, Île-de-France, France",2026-10-08,https://www.linkedin.com/jobs/view/4477188673,2026-10-09
linkedin,Demand Planner,Planning and Supply Chain Manager,Quandela,"Massy, Île-de-France, France",2026-10-08,https://www.linkedin.com/jobs/view/4475947610,2026-10-09
linkedin,Demand Planner,CDD - Responsable Planification (H/F),Hermès,"Paris, Île-de-France, France",2026-10-08,https://www.linkedin.com/jobs/view/4466869787,2026-10-09
linkedin,Demand Planner,Material Manager - CDI (H/F),Acushnet Europe Ltd,"Montataire, Hauts-de-France, France",2026-10-08,https://www.linkedin.com/jobs/view/4449636569,2026-10-09
linkedin,Demand Planner,Stage : Demand Planner - 6 mois Paris,Barilla Group,"Boulogne-Billancourt, Île-de-France, France",2026-10-08,https://www.linkedin.com/jobs/view/4477422216,2026-10-09
linkedin,Contrôleur de gestion retail,CDI- Responsable Controlling  e-commerce - H/F/X - Groupe Rocher,Groupe Rocher,"Issy-les-Moulineaux, Île-de-France, France",2026-10-08,https://www.linkedin.com/jobs/view/4477194703,2026-10-09
linkedin,Contrôleur de gestion retail,Contrôleur de gestion Direction Achats alimentaires F/H,Monoprix,"Clichy, Île-de-France, France",2026-10-08,https://www.linkedin.com/jobs/view/4466878090,2026-10-09
linkedin,Contrôleur de gestion retail,CHEF DE PROJET PLANNING STRATÉGIQUE F/H,Galeries Lafayette,"Paris, Île-de-France, France",2026-10-08,https://www.linkedin.com/jobs/view/4477471216,2026-10-09
linkedin,Contrôleur de gestion retail,Contrôleur de Gestion F/H    (FR879470),Morgan Philips Specialist Recruitment,"Courbevoie, Île-de-France, France",2026-10-08,https://www.linkedin.com/jobs/view/4475953746,2026-10-09
linkedin,Contrôleur de gestion retail,Directrice - Directeur de Magasin Adjoint - F/H,COURIR,"Créteil, Île-de-France, France",2026-10-08,https://www.linkedin.com/jobs/view/4476779552,2026-10-09
indeed,Data Analyst Retail,Stage – Business Analyst – La Samaritaine (F/H),Le Bon Marché,"Paris, A8, France",2026-10-08,https://fr.indeed.com/viewjob?jk=f27b3e9340d85bc3,2026-10-09
indeed,Contrôleur de gestion retail,JAC/SC/Contrôleur(se) de Gestion Achats – Vêtements Permanents (H/F),Jacadi,"Levallois-Perret, A8, France",2026-10-08,https://fr.indeed.com/viewjob?jk=6f058083470c4225,2026-10-09
indeed,Prévision des ventes,CATEGORY MANAGER OXYBUL H/F,OKAIDI IDKIDS,"Levallois-Perret, A8, France",2026-10-08,https://fr.indeed.com/viewjob?jk=53d5ae0616eeda52,2026-10-09
indeed,Prévision des ventes,Responsable Commercial F/H,Thales,"Gennevilliers, A8, France",2026-10-08,https://fr.indeed.com/viewjob?jk=b89c5ddf91bec355,2026-10-09
indeed,Prévision des ventes,National Sales Manager LAAO France,Abbott,"Issy-les-Moulineaux, A8, France",2026-10-08,https://fr.indeed.com/viewjob?jk=66c3eb5543d108d5,2026-10-09
indeed,Demand Planner,Demand Planner F/H,Reckitt,"Massy, A8, France",2026-10-08,https://fr.indeed.com/viewjob?jk=eb3280d65b82017e,2026-10-09
indeed,Demand Planner,Stage : Demand Planner - 6 mois Paris,Barilla Group,"Boulogne-Billancourt, A8, France",2026-10-08,https://fr.indeed.com/viewjob?jk=a1b4fd975ed1e805,2026-10-09
hellowork,Contrôleur de gestion retail,Contrôleur de Gestion Commerce H/F,Fnac Darty,Val-de-Marne - 94,2026-10-08,https://www.hellowork.com/fr-fr/emplois/84175781.html,2026-10-08
linkedin,Data Analyst Retail,Chargé Commercial (F/H),Carrefour,"Massy, Île-de-France, France",2026-10-08,https://www.linkedin.com/jobs/view/4463457121,2026-10-10
linkedin,Prévision des ventes,Ingénieur Technico-Commercial (H/F),NEU-JKF Delta Neu,Greater Paris Metropolitan Region,2026-10-08,https://www.linkedin.com/jobs/view/4466057798,2026-10-10
linkedin,Demand Planner,Gestionnaire de Stock 2 (h/f),Surventis,"Clermont, Hauts-de-France, France",2026-10-08,https://www.linkedin.com/jobs/view/4474815640,2026-10-10
linkedin,Demand Planner,STAGE 6 MOIS - Assistant Demand Planning F/H/X - Issy-les-Moulineaux - JANVIER 2027,Coca-Cola Europacific Partners,"Issy-les-Moulineaux, Île-de-France, France",2026-10-08,https://www.linkedin.com/jobs/view/4463345615,2026-10-10
indeed,Prévision des ventes,Responsable Administratif et Comptable H/F,Hotels at Home,"Roissy-en-France, A8, France",2026-10-08,https://fr.indeed.com/viewjob?jk=b3ac919f0034adec,2026-10-10
linkedin,Prévision des ventes,Consultant Avant-vente (H/F),MyUnisoft,"Montigny-le-Bretonneux, Île-de-France, France",2026-10-07,https://www.linkedin.com/jobs/view/4458248690,2026-10-07
linkedin,Prévision des ventes,Responsable Regional des Ventes H/F,Komet France,"Paris, Île-de-France, France",2026-10-07,https://www.linkedin.com/jobs/view/4476587318,2026-10-07
linkedin,Demand Planner,APPROVISIONNEUR(EUSE) LOGISTIQUE IT EXPERIMENTE(E),PROPULSE IT,"Paris, Île-de-France, France",2026-10-07,https://www.linkedin.com/jobs/view/4475416334,2026-10-07
linkedin,Demand Planner,Responsable supply chain - Gestion des flux,TerX,"Voisins-le-Bretonneux, Île-de-France, France",2026-10-07,https://www.linkedin.com/jobs/view/4476548076,2026-10-07
linkedin,Demand Planner,Assistant Supply Chain & Distribution Planner RTW(F/H) - Stage,Christian Dior Couture,"Paris, Île-de-France, France",2026-10-07,https://www.linkedin.com/jobs/view/4467967717,2026-10-07
linkedin,Demand Planner,Assistant Supply & Distribution Planner Maroquinerie (F/H) - Stage,Christian Dior Couture,"Paris, Île-de-France, France",2026-10-07,https://www.linkedin.com/jobs/view/4467961930,2026-10-07
linkedin,Demand Planner,INGENIEUR SUPPLY CHAIN H/F,ALLIANCE EMPLOI,"Beauvais, Hauts-de-France, France",2026-10-07,https://www.linkedin.com/jobs/view/4475408590,2026-10-07
linkedin,Contrôleur de gestion retail,Contrôleur de gestion H/F,Robert Half,"Paris, Île-de-France, France",2026-10-07,https://www.linkedin.com/jobs/view/4475173962,2026-10-07
indeed,Data Analyst Retail,422 - Data Analyst Senior — Cockpit Data Référentiel (IT) / Freelance,Nicholson SAS,"Massy, A8, France",2026-10-07,https://fr.indeed.com/viewjob?jk=133b8475c99bb721,2026-10-07
indeed,Data Analyst Retail,Data Analyst-Retail (IT) / Freelance,Craftman data,"Massy, A8, France",2026-10-07,https://fr.indeed.com/viewjob?jk=388a1fb3308e57f4,2026-10-07
indeed,Prévision des ventes,Responsable pilotage et performance logistique des opérations commerciales H/F,BIOCOOP,"Paris, A8, France",2026-10-07,https://fr.indeed.com/viewjob?jk=a2d13ef43761ad44,2026-10-07
indeed,Prévision des ventes,Ingénieur Technico-Commercial H/F,"Chauvin Arnoux, Inc.","Asnières-sur-Seine, A8, France",2026-10-07,https://fr.indeed.com/viewjob?jk=541d1c47712dd404,2026-10-07
indeed,Prévision des ventes,Finance Manager - CDI - Paris - H/F/X,Partoo,"Paris, A8, France",2026-10-07,https://fr.indeed.com/viewjob?jk=480ffa6276923836,2026-10-07
indeed,Prévision des ventes,Responsable Approvisionnement / Procurement H/F Hauts-de-Seine (92),Buildbrand,"Asnières-sur-Seine, A8, France",2026-10-07,https://fr.indeed.com/viewjob?jk=fd18d21d798d7a24,2026-10-07
hellowork,Data Analyst Retail,Stage Finance Transformation IA & Data Analytics H/F,PSA Retail France SAS,Poissy - 78,2026-10-07,https://www.hellowork.com/fr-fr/emplois/84150062.html,2026-10-07
hellowork,Prévision des ventes,Responsable Pilotage et Performance Logistique des Opérations Commerciales H/F,Biocoop,Paris - 75,2026-10-07,https://www.hellowork.com/fr-fr/emplois/84170246.html,2026-10-07
hellowork,Prévision des ventes,Assistant Export H/F,KAL Recrutement,Aubervilliers - 93,2026-10-07,https://www.hellowork.com/fr-fr/emplois/84169916.html,2026-10-07
hellowork,Prévision des ventes,Coordinateur Supply Chain Service H/F,CAMECA,Gennevilliers - 92,2026-10-07,https://www.hellowork.com/fr-fr/emplois/84167566.html,2026-10-07
hellowork,Prévision des ventes,Responsable Commercial - Cosmétique H/F,Approach People Recruitment,Paris - 75,2026-10-07,https://www.hellowork.com/fr-fr/emplois/82108796.html,2026-10-07
hellowork,Prévision des ventes,Gestionnaire de Stock H/F,GROUPE SAINT-GOBAIN,Pantin - 93,2026-10-07,https://www.hellowork.com/fr-fr/emplois/82106809.html,2026-10-07
hellowork,Prévision des ventes,Business Development Manager IT - Cybersécurité H/F,Epitech,Hauts-de-Seine - 92,2026-10-07,https://www.hellowork.com/fr-fr/emplois/84150979.html,2026-10-07
hellowork,Prévision des ventes,Sales Manager France - Adtech H/F,Locala,Paris 9e - 75,2026-10-07,https://www.hellowork.com/fr-fr/emplois/84142389.html,2026-10-07
hellowork,Prévision des ventes,Senior ai Sales Representative H/F,Atos,Bezons - 95,2026-10-07,https://www.hellowork.com/fr-fr/emplois/84138444.html,2026-10-07
hellowork,Demand Planner,Compte Clé GMS - Kam GMS H/F,Hexagon,Créteil - 94,2026-10-07,https://www.hellowork.com/fr-fr/emplois/84142528.html,2026-10-07
hellowork,Contrôleur de gestion retail,Stage Contrôle de Gestion Suivi des Provisions Marketing H/F,PSA Retail France SAS,Poissy - 78,2026-10-07,https://www.hellowork.com/fr-fr/emplois/84150063.html,2026-10-07
indeed,Prévision des ventes,Head of Finance - CDI - Paris - H/F/X,Partoo,"Paris, A8, France",2026-10-07,https://fr.indeed.com/viewjob?jk=37a77ec1077fe21a,2026-10-07
hellowork,Prévision des ventes,Coordinateur Service Client - CDI H/F,Mondelez International,Boulogne-Billancourt - 92,2026-10-07,https://www.hellowork.com/fr-fr/emplois/84174648.html,2026-10-07
linkedin,Data Analyst Retail,Data Analyst H/F/X,Groupe Rocher,"Issy-les-Moulineaux, Île-de-France, France",2026-10-07,https://www.linkedin.com/jobs/view/4476775541,2026-10-08
linkedin,Data Analyst Retail,Chargé d’études Performance Enseigne H/F,Intermarché,"Bondoufle, Île-de-France, France",2026-10-07,https://www.linkedin.com/jobs/view/4451645836,2026-10-08
linkedin,Data Analyst Retail,Data Engineer and Operations Analyst (F/H),KFC France,"Paris, Île-de-France, France",2026-10-07,https://www.linkedin.com/jobs/view/4474433871,2026-10-08
linkedin,Data Analyst Retail,Business Analyst F/H,MAGNITUDE,"Puteaux, Île-de-France, France",2026-10-07,https://www.linkedin.com/jobs/view/4476748400,2026-10-08
linkedin,Contrôleur de gestion retail,Contrôleur de gestion Commerce F/H,Fnac Darty,"Ivry-sur-Seine, Île-de-France, France",2026-10-07,https://www.linkedin.com/jobs/view/4476772862,2026-10-08
linkedin,Data Analyst Retail,Data Analyst Senior BigQuery (H/F),DGTL Performance,"Massy, Île-de-France, France",2026-10-07,https://www.linkedin.com/jobs/view/4475409530,2026-10-08
linkedin,Data Analyst Retail,Intership - Product Strategy & Data Process Planning Analyst (M/W),Lacoste,"Paris, Île-de-France, France",2026-10-07,https://www.linkedin.com/jobs/view/4476763190,2026-10-08
linkedin,Data Analyst Retail,"FBNL Stage - Business Analyst Junior - Data, Power BI & AI H/F/X",The Estée Lauder Companies Inc.,"Paris, Île-de-France, France",2026-10-07,https://www.linkedin.com/jobs/view/4475486840,2026-10-08
linkedin,Data Analyst Retail,CDI - Référent Fiabilité Stocks & Flux (h/f),Hermès,"Bobigny, Île-de-France, France",2026-10-07,https://www.linkedin.com/jobs/view/4475463179,2026-10-08
linkedin,Data Analyst Retail,Business Analyst Data Product [Luxe-Retail] (H/F),Adone Conseil,"Paris, Île-de-France, France",2026-10-07,https://www.linkedin.com/jobs/view/4476579388,2026-10-08
linkedin,Data Analyst Retail,STAGE - Assistant Retail (Grands Magasins) et Performance Analyst (H/F) - Hermès Parfum Beauté,Hermès,"Paris, Île-de-France, France",2026-10-07,https://www.linkedin.com/jobs/view/4457498495,2026-10-08
linkedin,Contrôleur de gestion retail,Retail planning Manager France,Etam,"Clichy, Île-de-France, France",2026-10-07,https://www.linkedin.com/jobs/view/4475495369,2026-10-08
linkedin,Prévision des ventes,Conseiller Réseau Commercial (27/76) F/H,INTÉRIALE Mutuelle,"Saint-André-de-l’Eure, Normandy, France",2026-10-07,https://www.linkedin.com/jobs/view/4476776498,2026-10-08
linkedin,Prévision des ventes,Technicien.ne chiffrage et devis SSI,ERIS (Etudes et Réalisations d'Installations de Sécurité),"Ivry-sur-Seine, Île-de-France, France",2026-10-07,https://www.linkedin.com/jobs/view/4476789371,2026-10-08
linkedin,Prévision des ventes,Vendeur Concepteur Cuisines Confirmé H/F,Cuisines AvivA,"Melun, Île-de-France, France",2026-10-07,https://www.linkedin.com/jobs/view/4476783965,2026-10-08
linkedin,Prévision des ventes,Sales Engineer,Arteche,"Paris, Île-de-France, France",2026-10-07,https://www.linkedin.com/jobs/view/4475496280,2026-10-08
linkedin,Prévision des ventes,Assistant.e Commercial.e Magasin - Paris (H/F/X),Emma – The Sleep Company,"Paris, Île-de-France, France",2026-10-07,https://www.linkedin.com/jobs/view/4466198930,2026-10-08
linkedin,Prévision des ventes,Ingénieur d'Affaires Imagerie Medicale - Secteur Hospitalier - F/H,Softway Medical Group,Greater Paris Metropolitan Region,2026-10-07,https://www.linkedin.com/jobs/view/4476781370,2026-10-08
linkedin,Prévision des ventes,Vendeur Vendeuse libre service Sanitaire Plomberie Chauffage,Espace Aubade,"Gentilly, Île-de-France, France",2026-10-07,https://www.linkedin.com/jobs/view/4475470774,2026-10-08
linkedin,Prévision des ventes,Technico-Commercial H/F (H/F),UPTOO,"Beauvais, Hauts-de-France, France",2026-10-07,https://www.linkedin.com/jobs/view/4466863238,2026-10-08
linkedin,Prévision des ventes,Revenue Operations Manager (F/H/X),Infopro Digital,"Gentilly, Île-de-France, France",2026-10-07,https://www.linkedin.com/jobs/view/4475401895,2026-10-08
linkedin,Demand Planner,Demand & Supply Planner H/F,Grafton Recruitment,"Paris, Île-de-France, France",2026-10-07,https://www.linkedin.com/jobs/view/4465978297,2026-10-08
linkedin,Demand Planner,Supply Chain Coordinator,Valeo,"St.-Denis, Île-de-France, France",2026-10-07,https://www.linkedin.com/jobs/view/4476784446,2026-10-08
linkedin,Demand Planner,Planificateur/Planificatrice,Solabia Group,"Anet, Centre-Val de Loire, France",2026-10-07,https://www.linkedin.com/jobs/view/4463020649,2026-10-08
linkedin,Demand Planner,Stage - Assistant Demand Planner (F/H/X),SEPHORA,"Neuilly-sur-Seine, Île-de-France, France",2026-10-07,https://www.linkedin.com/jobs/view/4476777380,2026-10-08
linkedin,Demand Planner,Approvisionneur,Linxens,"Mantes-la-Jolie, Île-de-France, France",2026-10-07,https://www.linkedin.com/jobs/view/4466552120,2026-10-08
linkedin,Demand Planner,Consultant Anaplan Supply Chain (Model Builder / Solution Architect),"Atkan, intégrateur exclusif Anaplan",Greater Paris Metropolitan Region,2026-10-07,https://www.linkedin.com/jobs/view/4476724056,2026-10-08
indeed,Data Analyst Retail,Data Analyst H/F/X,Groupe Rocher,"Paris, A8, France",2026-10-07,https://fr.indeed.com/viewjob?jk=acc4f3a53302c3c6,2026-10-08
indeed,Prévision des ventes,Attaché ADV Export / Service Clients International - Tous genres,Biocodex,"Gentilly, A8, France",2026-10-07,https://fr.indeed.com/viewjob?jk=6036afc1eea26f03,2026-10-08
indeed,Prévision des ventes,Responsable Administratif et Financier H/F - ASAP,Institut du Monde Arabe,"Paris, A8, France",2026-10-07,https://fr.indeed.com/viewjob?jk=d8a929b7c1a574da,2026-10-08
indeed,Prévision des ventes,Responsable Grands Comptes Distribution Sélective F/H,L'Occitane en Provence - France,"Paris, A8, France",2026-10-07,https://fr.indeed.com/viewjob?jk=dd5a4b19ef6e39a1,2026-10-08
indeed,Prévision des ventes,Responsable Commercial Export F/H,Thales,"Gennevilliers, A8, France",2026-10-07,https://fr.indeed.com/viewjob?jk=2edd02ee4628d0f2,2026-10-08
indeed,Prévision des ventes,CDD - Business Development Project Manager (H/F),MAKE UP FOR EVER,"Levallois-Perret, A8, France",2026-10-07,https://fr.indeed.com/viewjob?jk=f5b4f54ec88f536e,2026-10-08
indeed,Prévision des ventes,Responsable Stratégie et Pilotage Valeurs Résiduelles Automobile H/F,Crédit Agricole,"Massy, A8, France",2026-10-07,https://fr.indeed.com/viewjob?jk=4c4c03b60c7753fd,2026-10-08
indeed,Prévision des ventes,Account Manager Hunting - Île-de-France / Responsable Gestion de Comptes (H/F),Hewlett Packard Enterprise | HPE,"Puteaux, A8, France",2026-10-07,https://fr.indeed.com/viewjob?jk=5d85f4097d70369d,2026-10-08
indeed,Prévision des ventes,Sales Engineer,ARTECHE,"Paris, A8, France",2026-10-07,https://fr.indeed.com/viewjob?jk=fd5288e8889c0036,2026-10-08
indeed,Contrôleur de gestion retail,Contrôleur de gestion Commerce F/H,Groupe Fnac Darty,"Ivry-sur-Seine, A8, France",2026-10-07,https://fr.indeed.com/viewjob?jk=08504ab924e749a4,2026-10-08
linkedin,Contrôleur de gestion retail,Senior Manager Finance France,BIC,"Clichy, Île-de-France, France",2026-10-07,https://www.linkedin.com/jobs/view/4476372301,2026-10-07
linkedin,Contrôleur de gestion retail,Contrôleur de gestion commercial Food/GMS,Suntory Beverage & Food France,"Neuilly-sur-Seine, Île-de-France, France",2026-10-07,https://www.linkedin.com/jobs/view/4464793040,2026-10-09
linkedin,Contrôleur de gestion retail,Contrôleur de gestion F-H,Pierre Yovanovitch,"Paris, Île-de-France, France",2026-10-07,https://www.linkedin.com/jobs/view/4475454675,2026-10-09
linkedin,Prévision des ventes,Consultant Avant-Vente Odoo (F/H),ADSI Tech,"Île-de-France, France",2026-10-07,https://www.linkedin.com/jobs/view/4424889351,2026-10-10
linkedin,Contrôleur de gestion retail,Directeur de supermarché f/h,Alexander B. Smith,"La Garenne-Colombes, Île-de-France, France",2026-10-06,https://www.linkedin.com/jobs/view/4473601858,2026-10-05
linkedin,Demand Planner,Gestionnaire de planning - CDD 12 mois F/H,Reckitt,"Chartres, Centre-Val de Loire, France",2026-10-06,https://www.linkedin.com/jobs/view/4458713487,2026-09-15
linkedin,Contrôleur de gestion retail,Business Planner - Digital,HADDAD BRANDS EUROPE,"St.-Denis, Île-de-France, France",2026-10-06,https://www.linkedin.com/jobs/view/4474659202,2026-10-06
linkedin,Demand Planner,Consultant - Analytics Engineer,Leonar,"Paris, Île-de-France, France",2026-10-06,https://www.linkedin.com/jobs/view/4474698053,2026-10-06
linkedin,Data Analyst Retail,Oliver Wyman - Analyst/Senior Analyst- Data & IA - Paris,Oliver Wyman,"Paris, Île-de-France, France",2026-10-06,https://www.linkedin.com/jobs/view/4385386145,2026-10-06
linkedin,Data Analyst Retail,Senior - Marketing Data Scientist Consultant,Sia,"Paris, Île-de-France, France",2026-10-06,https://www.linkedin.com/jobs/view/4476148734,2026-10-06
linkedin,Data Analyst Retail,Stage - Assistant Retail Performance & Analysis - F/H - Janvier 2027,RIMOWA,"Paris, Île-de-France, France",2026-10-06,https://www.linkedin.com/jobs/view/4464798958,2026-10-06
linkedin,Prévision des ventes,Revenue Operations Manager,Quandela,"Massy, Île-de-France, France",2026-10-06,https://www.linkedin.com/jobs/view/4474909006,2026-10-06
linkedin,Demand Planner,Business Planning Specialist F/H,Bridgestone EMEA,"Rungis, Île-de-France, France",2026-10-06,https://www.linkedin.com/jobs/view/4467207142,2026-10-06
linkedin,Prévision des ventes,Ingénieur.e Avant-Vente Services (H/F),Econocom France,"Le Plessis-Robinson, Île-de-France, France",2026-10-06,https://www.linkedin.com/jobs/view/4476157071,2026-10-06
linkedin,Prévision des ventes,Consultant/Consultante Avant Vente hyperconvegence,SPIE ICS,"Malakoff, Île-de-France, France",2026-10-06,https://www.linkedin.com/jobs/view/4476155682,2026-10-06
linkedin,Prévision des ventes,Responsable développement commercial - F/H,Eiffage Énergie Systèmes,"Vélizy-Villacoublay, Île-de-France, France",2026-10-06,https://www.linkedin.com/jobs/view/4455877204,2026-10-06
linkedin,Prévision des ventes,Vendeur-Concepteur confirmé en aménagement intérieur F/H,Mobalpa,"Pierrelaye, Île-de-France, France",2026-10-06,https://www.linkedin.com/jobs/view/4474054249,2026-10-06
linkedin,Prévision des ventes,Assistante Commerciale F/H,Petit Navire,"Issy-les-Moulineaux, Île-de-France, France",2026-10-06,https://www.linkedin.com/jobs/view/4474044458,2026-10-06
linkedin,Prévision des ventes,Sales - Paris,Impress,"Paris, Île-de-France, France",2026-10-06,https://www.linkedin.com/jobs/view/4476153876,2026-10-06
linkedin,Demand Planner,Supply Planner Europe Manufacturing,BIC,"Clichy, Île-de-France, France",2026-10-06,https://www.linkedin.com/jobs/view/4474049330,2026-10-06
linkedin,Demand Planner,Stage Supply Planner EMEA,Chloé,"Paris, Île-de-France, France",2026-10-06,https://www.linkedin.com/jobs/view/4457160231,2026-10-06
linkedin,Contrôleur de gestion retail,merchandise planner senior f/h,ba&sh,Greater Paris Metropolitan Region,2026-10-06,https://www.linkedin.com/jobs/view/4474040382,2026-10-06
linkedin,Demand Planner,Gestionnaire des Flux & Stocks - CDI - Paris (H/F/X),FastGoodCuisine,"Paris, Île-de-France, France",2026-10-06,https://www.linkedin.com/jobs/view/4474689799,2026-10-06
linkedin,Demand Planner,Stage - Assistant Demand Planner - F/H - Janvier 2027,RIMOWA,"Paris, Île-de-France, France",2026-10-06,https://www.linkedin.com/jobs/view/4465218328,2026-10-06
linkedin,Demand Planner,Assistant Distribution Planner Europe F/H - Stage,Christian Dior Couture,"Paris, Île-de-France, France",2026-10-06,https://www.linkedin.com/jobs/view/4467289393,2026-10-06
linkedin,Demand Planner,STAGE - SupplyChain Analyst (H/F),EssilorLuxottica,"Créteil, Île-de-France, France",2026-10-06,https://www.linkedin.com/jobs/view/4473742620,2026-10-06
linkedin,Demand Planner,Supply Chain Planner (f/m/x),HelloFresh,"Paris, Île-de-France, France",2026-10-06,https://www.linkedin.com/jobs/view/4464651423,2026-10-06
linkedin,Contrôleur de gestion retail,Contrôleur.euse de gestion,OKKO HOTELS,"Paris, Île-de-France, France",2026-10-06,https://www.linkedin.com/jobs/view/4476181371,2026-10-06
linkedin,Contrôleur de gestion retail,Projects and AI Controller,Bel,"Suresnes, Île-de-France, France",2026-10-06,https://www.linkedin.com/jobs/view/4455844644,2026-10-06
linkedin,Contrôleur de gestion retail,Contrôleur de gestion/Contrôleuse de gestion,FSC Executive Search & Talent Development,"Courbevoie, Île-de-France, France",2026-10-06,https://www.linkedin.com/jobs/view/4474694758,2026-10-06
indeed,Prévision des ventes,CDI - Product Performance Analyst - H/F/X - Groupe Rocher,Groupe Rocher,"Issy-les-Moulineaux, A8, France",2026-10-06,https://fr.indeed.com/viewjob?jk=a2ed601a38521c0d,2026-10-06
indeed,Prévision des ventes,Surgery Modality Manager FBL,GE HealthCare,"Buc, A8, France",2026-10-06,https://fr.indeed.com/viewjob?jk=485d6a312db97790,2026-10-06
indeed,Prévision des ventes,Assistante Commerciale F/H,Petit Navire,"Issy-les-Moulineaux, A8, France",2026-10-06,https://fr.indeed.com/viewjob?jk=d442538ef7d24bd4,2026-10-06
indeed,Prévision des ventes,Chargé(e) ADV,MICROPLAST,"Périgny, A8, France",2026-10-06,https://fr.indeed.com/viewjob?jk=2414e0f063d1962a,2026-10-06
hellowork,Data Analyst Retail,Business & Marketing Data Analyst Luxury Retail - Stage Bilingue Français & Anglais H/F,Groupe RC,Boulogne-Billancourt - 92,2026-10-06,https://www.hellowork.com/fr-fr/emplois/84124587.html,2026-10-06
hellowork,Data Analyst Retail,Stage Data & ai Product Analyst - Pro One Next H/F,PSA Retail France SAS,Poissy - 78,2026-10-06,https://www.hellowork.com/fr-fr/emplois/84099332.html,2026-10-06
hellowork,Demand Planner,Stage - Assistant Demand Planner - Mode - Janvier 2027 H/F,Chanel,Paris - 75,2026-10-06,https://www.hellowork.com/fr-fr/emplois/83070431.html,2026-10-06
hellowork,Demand Planner,Stage - Assistant Demand Planning - Issy-Les-Moulineaux - Janvier 2027 H/F,Coca-Cola Europacific Partners,Issy-les-Moulineaux - 92,2026-10-06,https://www.hellowork.com/fr-fr/emplois/83065055.html,2026-10-06
hellowork,Prévision des ventes,Responsable Achats - Production H/F,"LTD - Métiers du Tertiaire Technique, Fonctions Supports, Mode & Luxe",Paris - 75,2026-10-06,https://www.hellowork.com/fr-fr/emplois/84124011.html,2026-10-06
hellowork,Prévision des ventes,Stage - Assistant Mid Term Planner - Issy-Les-Moulineaux - Mars 2027 H/F,Coca-Cola Europacific Partners,Issy-les-Moulineaux - 92,2026-10-06,https://www.hellowork.com/fr-fr/emplois/83065063.html,2026-10-06
hellowork,Prévision des ventes,Responsable Commercial H/F,GOFO France,Marly-la-Ville - 95,2026-10-06,https://www.hellowork.com/fr-fr/emplois/82056065.html,2026-10-06
hellowork,Prévision des ventes,Stage - Assistant Planificateur Court Terme - Issy-Les-Moulineaux - Mars 2027 H/F,Coca-Cola Europacific Partners,Issy-les-Moulineaux - 92,2026-10-06,https://www.hellowork.com/fr-fr/emplois/83065051.html,2026-10-06
hellowork,Prévision des ventes,Responsable Flux International Choisy le Roi 94 H/F,Lactalis,Choisy-le-Roi - 94,2026-10-06,https://www.hellowork.com/fr-fr/emplois/78708175.html,2026-10-06
hellowork,Prévision des ventes,Gestionnaire ADV Export H/F,Talents ADV & Supply,Paris - 75,2026-10-06,https://www.hellowork.com/fr-fr/emplois/84111394.html,2026-10-06
hellowork,Prévision des ventes,Assistant Commercial Autres H/F,LHH Recruitment Solutions,Gennevilliers - 92,2026-10-06,https://www.hellowork.com/fr-fr/emplois/84108198.html,2026-10-06
hellowork,Prévision des ventes,Assistant ADV Anglais H/F,Talents ADV & Supply,Gennevilliers - 92,2026-10-06,https://www.hellowork.com/fr-fr/emplois/84100450.html,2026-10-06
hellowork,Prévision des ventes,Gestionnaire Produit CDD H/F,Armand Thiery,Levallois-Perret - 92,2026-10-06,https://www.hellowork.com/fr-fr/emplois/84096958.html,2026-10-06
hellowork,Prévision des ventes,Business Analyste Approvisionnements - Stage H/F,Monoprix,Hauts-de-Seine - 92,2026-10-06,https://www.hellowork.com/fr-fr/emplois/84092995.html,2026-10-06
hellowork,Contrôleur de gestion retail,Stage Contrôle de Gestion Pièces & Services H/F,PSA Retail France SAS,Poissy - 78,2026-10-06,https://www.hellowork.com/fr-fr/emplois/84121798.html,2026-10-06
linkedin,Contrôleur de gestion retail,Analyste Financial Planning and Analysis H/F,Manutan Group,"Gonesse, Île-de-France, France",2026-10-06,https://www.linkedin.com/jobs/view/4462802432,2026-09-25
linkedin,Demand Planner,Senior Data Scientist - Demand Forecast (f/m/d),Decathlon Digital,"Paris, Île-de-France, France",2026-10-06,https://www.linkedin.com/jobs/view/4470301891,2026-09-28
linkedin,Demand Planner,S&OP and Demand Planning Lead,"Church & Dwight Co., Inc.","Levallois-Perret, Île-de-France, France",2026-10-06,https://www.linkedin.com/jobs/view/4474945857,2026-10-07
linkedin,Prévision des ventes,Ingénieur Commercial (F/H),Evernex,"Compans, Île-de-France, France",2026-10-06,https://www.linkedin.com/jobs/view/4476151797,2026-10-07
linkedin,Contrôleur de gestion retail,d'un/une Assistant.e Commercial.e et Analyse,HADDAD BRANDS EUROPE,"Seine-St.-Denis, Île-de-France, France",2026-10-06,https://www.linkedin.com/jobs/view/4476321619,2026-10-07
linkedin,Prévision des ventes,"Consultant Avant-Vente Achat, Paris - H/F",Fluxym,"Paris, Île-de-France, France",2026-10-06,https://www.linkedin.com/jobs/view/4436700703,2026-10-07
linkedin,Prévision des ventes,Responsable développement des ventes GMS (H/F),Essity,"Paris, Île-de-France, France",2026-10-06,https://www.linkedin.com/jobs/view/4465519854,2026-10-07
linkedin,Prévision des ventes,Sales Director (f/m/d),Thinkproject,"Paris, Île-de-France, France",2026-10-06,https://www.linkedin.com/jobs/view/4445527803,2026-10-07
linkedin,Demand Planner,Sales Business Operations Executive France,Apple,"Paris, Île-de-France, France",2026-10-06,https://www.linkedin.com/jobs/view/4474960271,2026-10-07
linkedin,Prévision des ventes,Presales Expert Consultant (f/m/d),Thinkproject,"Paris, Île-de-France, France",2026-10-06,https://www.linkedin.com/jobs/view/4474063632,2026-10-07
linkedin,Prévision des ventes,Conseiller de vente Non-alimentaire F/H en Bijouterie,Auchan Retail,"Vélizy-Villacoublay, Île-de-France, France",2026-10-06,https://www.linkedin.com/jobs/view/4474080014,2026-10-07
linkedin,Prévision des ventes,INGÉNIEUR COMMERCIAL H/F,EXPERT & MANAGER,"Bois-Colombes, Île-de-France, France",2026-10-06,https://www.linkedin.com/jobs/view/4474074676,2026-10-07
linkedin,Demand Planner,DEMAND & SUPPLY PLANNER H/F,Puratos,"Rungis, Île-de-France, France",2026-10-06,https://www.linkedin.com/jobs/view/4465230964,2026-10-07
linkedin,Demand Planner,Demand Planner (f/m/x),HelloFresh,"Paris, Île-de-France, France",2026-10-06,https://www.linkedin.com/jobs/view/4476352093,2026-10-07
linkedin,Demand Planner,Acheteur / Demand Planner (H/F),Robert Walters,"Paris, Île-de-France, France",2026-10-06,https://www.linkedin.com/jobs/view/4476327059,2026-10-07
linkedin,Demand Planner,Senior Supply Planner H/F,Essity,"Paris, Île-de-France, France",2026-10-06,https://www.linkedin.com/jobs/view/4466526890,2026-10-07
linkedin,Demand Planner,Responsable Supply Chain H/F,Howmet Aerospace,"Gennevilliers, Île-de-France, France",2026-10-06,https://www.linkedin.com/jobs/view/4417950490,2026-10-07
linkedin,Demand Planner,Coordinateur P2P F/H,Bridgestone EMEA,"Rungis, Île-de-France, France",2026-10-06,https://www.linkedin.com/jobs/view/4476306940,2026-10-07
linkedin,Demand Planner,CDI - Coordinateur Supply Chain - Univers Maison (H/F),Hermès,"Pantin, Île-de-France, France",2026-10-06,https://www.linkedin.com/jobs/view/4448290402,2026-10-07
linkedin,Demand Planner,Demand planner F/H,KNDS France,"Versailles, Île-de-France, France",2026-10-06,https://www.linkedin.com/jobs/view/4464214664,2026-10-07
linkedin,Demand Planner,Data Scientist pour pièces de rechange (F/H),Alstom,"Île-de-France, France",2026-10-06,https://www.linkedin.com/jobs/view/4474059691,2026-10-07
linkedin,Demand Planner,STAGE - Demand Planner (H/F),Guerlain,"Paris, Île-de-France, France",2026-10-06,https://www.linkedin.com/jobs/view/4467295987,2026-10-07
linkedin,Demand Planner,Assistant.e Gestionnaire Supply Chain Approvisionnement - Stage Janvier 2027,Undiz,"Clichy, Île-de-France, France",2026-10-06,https://www.linkedin.com/jobs/view/4476325143,2026-10-07
linkedin,Contrôleur de gestion retail,Responsable Controlling  e-commerce,Groupe Rocher,"Issy-les-Moulineaux, Île-de-France, France",2026-10-06,https://www.linkedin.com/jobs/view/4476308898,2026-10-07
linkedin,Contrôleur de gestion retail,Contrôleur de Gestion F/H - FR875058,Morgan Philips Specialist Recruitment,"Île-de-France, France",2026-10-06,https://www.linkedin.com/jobs/view/4474963122,2026-10-07
linkedin,Contrôleur de gestion retail,Responsable Commerce F/H,Auchan Retail,"Plaisir, Île-de-France, France",2026-10-06,https://www.linkedin.com/jobs/view/4474405357,2026-10-07
linkedin,Contrôleur de gestion retail,Head of Retail,Veronica Beard,"Paris, Île-de-France, France",2026-10-06,https://www.linkedin.com/jobs/view/4476358173,2026-10-07
linkedin,Contrôleur de gestion retail,Directeur Adjoint (Hypermarché) F/H,Auchan Retail,"Paris, Île-de-France, France",2026-10-06,https://www.linkedin.com/jobs/view/4474095743,2026-10-07
linkedin,Contrôleur de gestion retail,Responsable Régional H/F,LSA Commerce & Consommation,"Paris, Île-de-France, France",2026-10-06,https://www.linkedin.com/jobs/view/4474055885,2026-10-07
linkedin,Contrôleur de gestion retail,MANAGER COMMERCE ALIMENTAIRE - MELUN H/F,RMD Consultants,"Melun, Île-de-France, France",2026-10-06,https://www.linkedin.com/jobs/view/4474941835,2026-10-07
linkedin,Contrôleur de gestion retail,MANAGER COMMERCE ALIMENTAIRE - VERSAILLES H/F,RMD Consultants,"Versailles, Île-de-France, France",2026-10-06,https://www.linkedin.com/jobs/view/4474956276,2026-10-07
linkedin,Contrôleur de gestion retail,CDI - Directrice.eur Fashion Operations Planning Performance & Transformation (H/F/X),CHANEL,"Paris, Île-de-France, France",2026-10-06,https://www.linkedin.com/jobs/view/4390495369,2026-10-07
indeed,Data Analyst Retail,Internship - 6 months - Market Risk FRTB Data Quality Analyst F/M,Natixis,"Paris, A8, France",2026-10-06,https://fr.indeed.com/viewjob?jk=71c83bdc51136c97,2026-10-07
indeed,Data Analyst Retail,Product Manager / Owner - Energies et Utilities H/F,MC2I,"Paris, A8, FR",2026-10-06,https://fr.indeed.com/viewjob?jk=1be3121924be8a35,2026-10-07
indeed,Data Analyst Retail,"Senior Financial Analyst, FR Accounting",Amazon.com,"Clichy, A8, France",2026-10-06,https://fr.indeed.com/viewjob?jk=79e8f42645a6fec5,2026-10-07
indeed,Data Analyst Retail,Internship - 6 months - Real Estate Markets Analyst F/M,Natixis,"Paris, A8, France",2026-10-06,https://fr.indeed.com/viewjob?jk=90a061518370ba79,2026-10-07
indeed,Prévision des ventes,Manager Commercial Senior Industriel EMEA (H/F),Radiall,"Aubervilliers, A8, France",2026-10-06,https://fr.indeed.com/viewjob?jk=7a32f049754af4e7,2026-10-07
indeed,Prévision des ventes,Key account manager H/F,Curium Pharmaceuticals,"Saclay, A8, France",2026-10-06,https://fr.indeed.com/viewjob?jk=2b1579ea9dc3b9f3,2026-10-07
indeed,Prévision des ventes,Data Scientist Senior,streamlink,"Clichy, A8, France",2026-10-06,https://fr.indeed.com/viewjob?jk=d023e239a543e852,2026-10-07
indeed,Prévision des ventes,Regional Sales Manager (H/F),Thales,"Meudon, A8, France",2026-10-06,https://fr.indeed.com/viewjob?jk=fc5b8219b8efc8f8,2026-10-07
indeed,Prévision des ventes,Manager des Opérations Logistique F/H - Mission,IKEA,"Plaisir, A8, France",2026-10-06,https://fr.indeed.com/viewjob?jk=13340e2d4514eab7,2026-10-07
indeed,Prévision des ventes,Coordinateur P2P F/H,Bridgestone EMEA,"Rungis, A8, France",2026-10-06,https://fr.indeed.com/viewjob?jk=a9a54d79a3286ad9,2026-10-07
indeed,Demand Planner,Supply Planner Europe Manufacturing,BIC,"Clichy, A8, France",2026-10-06,https://fr.indeed.com/viewjob?jk=2b630b4bc8fb6f72,2026-10-07
hellowork,Prévision des ventes,Manager Commercial Senior Industriel EMEA H/F,Radiall,Seine-Saint-Denis - 93,2026-10-06,https://www.hellowork.com/fr-fr/emplois/84134219.html,2026-10-07
indeed,Prévision des ventes,Maitre d'hôtel du soir (H/F),Hôtel Le Lancaster - Champs Elysées,"Paris, A8, France",2026-10-06,https://fr.indeed.com/viewjob?jk=0895aeeb7db87b27,2026-10-06
indeed,Prévision des ventes,Gestionnaire Produit CDD H/F,Armand Thiery,"Levallois-Perret, A8, France",2026-10-06,https://fr.indeed.com/viewjob?jk=01b4138db881150c,2026-10-06
linkedin,Data Analyst Retail,Payment fraud & Data Analyst (N/F/H),leboncoin,"Paris, Île-de-France, France",2026-10-06,https://www.linkedin.com/jobs/view/4476346572,2026-10-08
linkedin,Data Analyst Retail,Commercial & Analytics Projects - Mid-level (H/F),Picnic Technologies,"Paris, Île-de-France, France",2026-10-06,https://www.linkedin.com/jobs/view/4168600573,2026-10-08
linkedin,Data Analyst Retail,Data Analyst,Paylead,"Paris, Île-de-France, France",2026-10-06,https://www.linkedin.com/jobs/view/4474998057,2026-10-08
linkedin,Prévision des ventes,Ing. Tech-Cial Equipements - Cataracte (Phaco Manager) - 59-60-62-80-95,Alcon,"Rueil-Malmaison, Île-de-France, France",2026-10-06,https://www.linkedin.com/jobs/view/4467216348,2026-10-08
linkedin,Prévision des ventes,Technico Commercial (F/H),Swiss Life France,"Paris, Île-de-France, France",2026-10-06,https://www.linkedin.com/jobs/view/4474942845,2026-10-08
indeed,Prévision des ventes,Gestionnaire Produit CDD H/F,Hellowork,"Levallois-Perret, A8, France",2026-10-06,https://fr.indeed.com/viewjob?jk=110bb33951df2c6d,2026-10-08
indeed,Prévision des ventes,Chef de Produit Confirmé Nutrition Oral - F/H,Nestlé,"Issy-les-Moulineaux, A8, France",2026-10-06,https://fr.indeed.com/viewjob?jk=f9556cd14f2b7a5c,2026-10-08
linkedin,Prévision des ventes,Sales Planning & Strategy,Alan,"Paris, Île-de-France, France",2026-10-06,https://www.linkedin.com/jobs/view/4476337041,2026-10-09
linkedin,Contrôleur de gestion retail,Directeur Adjoint - Profil évolutif - Parly2,GRANDVISION FRANCE,"Vaucresson, Île-de-France, France",2026-10-05,https://www.linkedin.com/jobs/view/4413686258,2026-10-04
linkedin,Contrôleur de gestion retail,Contrôleur de Gestion,Omoda | Jaecoo France,"Courbevoie, Île-de-France, France",2026-10-05,https://www.linkedin.com/jobs/view/4454292349,2026-08-18
linkedin,Contrôleur de gestion retail,FP&A Manager – France,Omoda | Jaecoo France,"Courbevoie, Île-de-France, France",2026-10-05,https://www.linkedin.com/jobs/view/4454298335,2026-09-22
linkedin,Contrôleur de gestion retail,Senior Consultant Opérationnel - Contrôle de Gestion - Neuilly-sur-Seine (H/F),Grant-Thornton France,"Neuilly-sur-Seine, Île-de-France, France",2026-10-05,https://www.linkedin.com/jobs/view/4426745881,2026-08-26
linkedin,Data Analyst Retail,Business intelligence & data quality analyst H/F,ALDI France,"Villepinte, Île-de-France, France",2026-10-05,https://www.linkedin.com/jobs/view/4473624595,2026-10-05
linkedin,Data Analyst Retail,Stage – Assistant.e Data & Performance Achats F/H,Louis Vuitton,"Paris, Île-de-France, France",2026-10-05,https://www.linkedin.com/jobs/view/4475558616,2026-10-05
linkedin,Data Analyst Retail,Chef de projet Géomarketing et Data territoriale F/H,TERACT,"Montrouge, Île-de-France, France",2026-10-05,https://www.linkedin.com/jobs/view/4475552468,2026-10-05
linkedin,Data Analyst Retail,Stage - Business Analyst H/F,Roger Vivier,"Paris, Île-de-France, France",2026-10-05,https://www.linkedin.com/jobs/view/4475562085,2026-10-05
linkedin,Prévision des ventes,Ingénieur des ventes Didactic (H/F),Festo France,"Bry-sur-Marne, Île-de-France, France",2026-10-05,https://www.linkedin.com/jobs/view/4474266241,2026-10-05
linkedin,Prévision des ventes,Ingénieur commercial  F/H,Anne Caron le café de spécialité,"Orsay, Île-de-France, France",2026-10-05,https://www.linkedin.com/jobs/view/4475569437,2026-10-05
linkedin,Demand Planner,Stagiaire Demand Planning / Copacking,Bolton,"Courbevoie, Île-de-France, France",2026-10-05,https://www.linkedin.com/jobs/view/4465481278,2026-10-05
linkedin,Demand Planner,Alternant Gestionnaire de Stocks (H/F),Opella,"Compiègne, Hauts-de-France, France",2026-10-05,https://www.linkedin.com/jobs/view/4475531159,2026-10-05
linkedin,Demand Planner,Stage - Assistant.e Retail Planner Europe H/F,Longchamp,"Paris, Île-de-France, France",2026-10-05,https://www.linkedin.com/jobs/view/4474252848,2026-10-05
linkedin,Contrôleur de gestion retail,Contrôleur de gestion/Contrôleuse de gestion,BY TERRY,"Paris, Île-de-France, France",2026-10-05,https://www.linkedin.com/jobs/view/4473632171,2026-10-05
linkedin,Contrôleur de gestion retail,Brand Controlling Manager M/F/X (Talent Pool),Bel,"Suresnes, Île-de-France, France",2026-10-05,https://www.linkedin.com/jobs/view/4399945752,2026-10-05
linkedin,Contrôleur de gestion retail,Directeur(rice) Performance Territoire F/H,Boulangerie Louise,"Île-de-France, France",2026-10-05,https://www.linkedin.com/jobs/view/4475561121,2026-10-05
linkedin,Contrôleur de gestion retail,Manager de rayons Frais ou PGC F/H,Auchan Retail,"La Queue-les-Yvelines, Île-de-France, France",2026-10-05,https://www.linkedin.com/jobs/view/4474258316,2026-10-05
linkedin,Contrôleur de gestion retail,"Global Commercial Finance and Transformation Lead (F, M, X)",Opella,"Neuilly-sur-Seine, Île-de-France, France",2026-10-05,https://www.linkedin.com/jobs/view/4475517623,2026-10-05
indeed,Data Analyst Retail,Stage - Sales Analyst & Support H/F/X - Janvier 2027,Veepee,"Saint-Denis, A8, FR",2026-10-05,https://fr.indeed.com/viewjob?jk=cc8a0fc9ef9b60a0,2026-10-05
indeed,Prévision des ventes,Responsable commercial Telecom (H/F),DFM,"Créteil, A8, FR",2026-10-05,https://fr.indeed.com/viewjob?jk=db599cccdb561d45,2026-10-05
indeed,Prévision des ventes,Comptable confirmé H/F,Wingstop,"Clichy, A8, France",2026-10-05,https://fr.indeed.com/viewjob?jk=39b669e1d2a35916,2026-10-05
indeed,Prévision des ventes,Maitre d'hôtel du soir (H/F),HOTEL LANCASTER,"Paris, A8, France",2026-10-05,https://fr.indeed.com/viewjob?jk=040132f58d63f7b5,2026-10-05
hellowork,Demand Planner,Prévisionniste des Ventes - Demand Planner H/F,EXTEND CONSULTING,Paris - 75,2026-10-05,https://www.hellowork.com/fr-fr/emplois/84075293.html,2026-10-05
hellowork,Demand Planner,Demand Planning Meu Process & System Expert H/F,Mondelez International,France,2026-10-05,https://www.hellowork.com/fr-fr/emplois/84075098.html,2026-10-05
hellowork,Demand Planner,Vp Demand Generation H/F,Sidetrade,Paris - 75,2026-10-05,https://www.hellowork.com/fr-fr/emplois/79798915.html,2026-10-05
hellowork,Prévision des ventes,Directeur Adjoint - Directrice Adjointe de Magasin H/F,Naturéo,Persan - 95,2026-10-05,https://www.hellowork.com/fr-fr/emplois/82031230.html,2026-10-05
hellowork,Prévision des ventes,Responsable Grands Comptes- Marchés Publics H/F,Acute Search,Hauts-de-Seine - 92,2026-10-05,https://www.hellowork.com/fr-fr/emplois/79754708.html,2026-10-05
hellowork,Prévision des ventes,Responsable Supply Chain H/F,Winsearch,Paris - 75,2026-10-05,https://www.hellowork.com/fr-fr/emplois/78689421.html,2026-10-05
hellowork,Prévision des ventes,Technico-Commercial Sédentaire H/F,Talents Commerciaux,Trappes - 78,2026-10-05,https://www.hellowork.com/fr-fr/emplois/83060836.html,2026-10-05
hellowork,Prévision des ventes,Business Developer H/F,Picard Surgelés,Issy-les-Moulineaux - 92,2026-10-05,https://www.hellowork.com/fr-fr/emplois/83048102.html,2026-10-05
hellowork,Contrôleur de gestion retail,Stage - Assistant Contrôle de Gestion Services H/F,Fnac Darty,Val-de-Marne - 94,2026-10-05,https://www.hellowork.com/fr-fr/emplois/83046514.html,2026-10-05
linkedin,Prévision des ventes,Sales Engineer Enterprise - FR,Brevo,"Paris, Île-de-France, France",2026-10-05,https://www.linkedin.com/jobs/view/4472928590,2026-10-02
linkedin,Demand Planner,Senior Data Scientist - Demand Forecast (f/m/d),Decathlon Digital,"Paris, Île-de-France, France",2026-10-05,https://www.linkedin.com/jobs/view/4470098939,2026-09-26
linkedin,Demand Planner,Data Analyst Demand Planning,IFF,"Neuilly-sur-Seine, Île-de-France, France",2026-10-05,https://www.linkedin.com/jobs/view/4475589849,2026-10-06
linkedin,Data Analyst Retail,Business Analyst Supply Chain / Data Franprix – F/H,Franprix,"Vitry-sur-Seine, Île-de-France, France",2026-10-05,https://www.linkedin.com/jobs/view/4474274744,2026-10-06
linkedin,Data Analyst Retail,Data Analyst en pilotage commercial H/F,LCL,"Villejuif, Île-de-France, France",2026-10-05,https://www.linkedin.com/jobs/view/4439559327,2026-10-06
linkedin,Data Analyst Retail,BI & Reporting Analyst,MG Motor France,"Courbevoie, Île-de-France, France",2026-10-05,https://www.linkedin.com/jobs/view/4473633873,2026-10-06
linkedin,Data Analyst Retail,Analytic Consultant - Consumer Analytics Solutions Team - Secteur grande consommation,NielsenIQ,"Bezons, Île-de-France, France",2026-10-05,https://www.linkedin.com/jobs/view/4465712542,2026-10-06
linkedin,Data Analyst Retail,Data analyst Alteryx / PowerBI H/F,NEXTON,"Paris, Île-de-France, France",2026-10-05,https://www.linkedin.com/jobs/view/4474290202,2026-10-06
linkedin,Data Analyst Retail,KERING Stage Data Analytics eCommerce,Kering,"Paris, Île-de-France, France",2026-10-05,https://www.linkedin.com/jobs/view/4475819433,2026-10-06
linkedin,Data Analyst Retail,Data Engineer - Marketing Digital & eCommerce H/F - CDI - Paris (17ème),REXEL FRANCE,"Paris, Île-de-France, France",2026-10-05,https://www.linkedin.com/jobs/view/4475583105,2026-10-06
linkedin,Data Analyst Retail,⁠Data Analyst F/H,LesJeudis,"Île-de-France, France",2026-10-05,https://www.linkedin.com/jobs/view/4475585719,2026-10-06
linkedin,Contrôleur de gestion retail,Alternance – Assistant(e) Grands Comptes On-Trade (F/H/X) - Analyse des ventes – Category Management – Développement commercial,Moët Hennessy,"Levallois-Perret, Île-de-France, France",2026-10-05,https://www.linkedin.com/jobs/view/4474634343,2026-10-06
linkedin,Prévision des ventes,Pre-Sales Insurance,DXC Technology,"Paris, Île-de-France, France",2026-10-05,https://www.linkedin.com/jobs/view/4474296328,2026-10-06
linkedin,Prévision des ventes,Pre-Sales / Sales Engineer,Alan,"Paris, Île-de-France, France",2026-10-05,https://www.linkedin.com/jobs/view/4475809865,2026-10-06
linkedin,Prévision des ventes,Head of Sales France - 160-200K OTE + BSPCE,Vocca,"Paris, Île-de-France, France",2026-10-05,https://www.linkedin.com/jobs/view/4475855834,2026-10-06
linkedin,Prévision des ventes,Sales engineer (Sage X3),Sage,"Paris, Île-de-France, France",2026-10-05,https://www.linkedin.com/jobs/view/4389276645,2026-10-06
linkedin,Prévision des ventes,Technical Pre-Sales (Europe) H/F,Pasqal,"Paris, Île-de-France, France",2026-10-05,https://www.linkedin.com/jobs/view/4420988476,2026-10-06
linkedin,Prévision des ventes,Commercial/e Sédentaire H/F,Dekra France,"Le Plessis-Robinson, Île-de-France, France",2026-10-05,https://www.linkedin.com/jobs/view/4475882664,2026-10-06
linkedin,Demand Planner,Supply Planner H/F - CDI,Sisley Paris,"Saint-Ouen-l’Aumône, Île-de-France, France",2026-10-05,https://www.linkedin.com/jobs/view/4474276988,2026-10-06
linkedin,Demand Planner,Regional Demand & Supply Planner,Moët Hennessy,"Paris, Île-de-France, France",2026-10-05,https://www.linkedin.com/jobs/view/4474287677,2026-10-06
linkedin,Demand Planner,Supply planner f/h,Parfums Christian Dior,"Neuilly-sur-Seine, Île-de-France, France",2026-10-05,https://www.linkedin.com/jobs/view/4475804720,2026-10-06
linkedin,Demand Planner,Gestionnaire Approvisionnement Junior (H/F),Groupe Rand,"Paris, Île-de-France, France",2026-10-05,https://www.linkedin.com/jobs/view/4469161294,2026-10-06
linkedin,Demand Planner,Gestionnaire grands comptes Supply – Premium & Luxe (H/F),Paragon France & Roumanie,"Nanterre, Île-de-France, France",2026-10-05,https://www.linkedin.com/jobs/view/4474299328,2026-10-06
linkedin,Demand Planner,CDD Chargé prévision des ventes - H/F,Mayoly,"Rueil-Malmaison, Île-de-France, France",2026-10-05,https://www.linkedin.com/jobs/view/4473648959,2026-10-06
linkedin,Demand Planner,Approvisionneur(se) Junior,Quadient,"Rueil-Malmaison, Île-de-France, France",2026-10-05,https://www.linkedin.com/jobs/view/4465780494,2026-10-06
linkedin,Demand Planner,Business Analyste Approvisionnements F/H - STAGE,Monoprix,"Boulogne-Billancourt, Île-de-France, France",2026-10-05,https://www.linkedin.com/jobs/view/4474287162,2026-10-06
linkedin,Contrôleur de gestion retail,Manager de l’offre épicerie salée Franprix – F/H,Franprix,"Courbevoie, Île-de-France, France",2026-10-05,https://www.linkedin.com/jobs/view/4474289158,2026-10-06
linkedin,Contrôleur de gestion retail,CONTROLEUR DE GESTION- H/F,POMONA,"Antony, Île-de-France, France",2026-10-05,https://www.linkedin.com/jobs/view/4475833746,2026-10-06
linkedin,Contrôleur de gestion retail,Directeur Store Planning H/F - CDI,Sisley Paris,"Paris, Île-de-France, France",2026-10-05,https://www.linkedin.com/jobs/view/4474281624,2026-10-06
linkedin,Contrôleur de gestion retail,Financial Analyst,Brown-Forman,"Paris, Île-de-France, France",2026-10-05,https://www.linkedin.com/jobs/view/4474614982,2026-10-06
linkedin,Contrôleur de gestion retail,Assistant(e) chef de projet opérations commerciales transverses,Fnac Darty,"Ivry-sur-Seine, Île-de-France, France",2026-10-05,https://www.linkedin.com/jobs/view/4475816575,2026-10-06
linkedin,Contrôleur de gestion retail,Directeur de Magasin itinérant H/F,B&M France,"Yvelines, Île-de-France, France",2026-10-05,https://www.linkedin.com/jobs/view/4473654703,2026-10-06
linkedin,Contrôleur de gestion retail,MOD - Adjoint responsable de rayon H/F (frais MM),Mon Marché,"Paris, Île-de-France, France",2026-10-05,https://www.linkedin.com/jobs/view/4475599688,2026-10-06
linkedin,Contrôleur de gestion retail,Retail Merchandiser Shoes/ Eyewear (M/W),GIVENCHY,"Paris, Île-de-France, France",2026-10-05,https://www.linkedin.com/jobs/view/4475888635,2026-10-06
linkedin,Contrôleur de gestion retail,Category Manager Frais PGC F/H,Monoprix,"Clichy, Île-de-France, France",2026-10-05,https://www.linkedin.com/jobs/view/4474277685,2026-10-06
linkedin,Contrôleur de gestion retail,Operations Coordinator,Chaberton Professionals,"Paris, Île-de-France, France",2026-10-05,https://www.linkedin.com/jobs/view/4473651740,2026-10-06
indeed,Data Analyst Retail,Data Analyst Senior (IT) / Freelance,Craftman data,"Massy, A8, FR",2026-10-05,https://fr.indeed.com/viewjob?jk=24feab227fb409c2,2026-10-06
indeed,Data Analyst Retail,Stage - Sales Analyst & Support H/F/X - Janvier 2027,Veepee,"Saint-Denis, A8, France",2026-10-05,https://fr.indeed.com/viewjob?jk=d28ae4424ddb070e,2026-10-06
indeed,Data Analyst Retail,Data Analyst & chef de projet - ASO & Media,App ASO,"Paris, A8, FR",2026-10-05,https://fr.indeed.com/viewjob?jk=fc034c69019e9c5e,2026-10-06
indeed,Prévision des ventes,RESPONSABLE LOCATION & COORDINATION COMMERCIALE - ÉVOLUTION TRANSACTION,Nestenn,"Asnières-sur-Seine, A8, France",2026-10-05,https://fr.indeed.com/viewjob?jk=17ff731637abf859,2026-10-06
indeed,Prévision des ventes,Chef de produit H/F,la brosse et dupont,"Villepinte, A8, France",2026-10-05,https://fr.indeed.com/viewjob?jk=51e856b71164f13a,2026-10-06
indeed,Prévision des ventes,Stage - Assistant(e) Trade Marketing Opérationnel Produit International (H/F) - YVES ROCHER 1,Groupe Rocher,"Issy-les-Moulineaux, A8, France",2026-10-05,https://fr.indeed.com/viewjob?jk=fb7c7ae5dc92b89a,2026-10-06
indeed,Prévision des ventes,Stage - Trade Marketing International - H/F/X - YVES ROCHER 1 1 1,Groupe Rocher,"Issy-les-Moulineaux, A8, France",2026-10-05,https://fr.indeed.com/viewjob?jk=54770fc7b6343c84,2026-10-06
indeed,Prévision des ventes,Responsable des stocks H/F,BEROMET,"Montreuil, A8, France",2026-10-05,https://fr.indeed.com/viewjob?jk=4ba52fc345ee0341,2026-10-06
indeed,Demand Planner,Supply planner f/h,Christian Dior,"Neuilly-sur-Seine, A8, France",2026-10-05,https://fr.indeed.com/viewjob?jk=85a46846d7661894,2026-10-06
indeed,Prévision des ventes,Head of Operations Marketplace (f/h/n),Hublo,"Paris, A8, France",2026-10-05,https://fr.indeed.com/viewjob?jk=36ee179b6170b831,2026-10-08
indeed,Prévision des ventes,Marketplace Manager Amazon H/F,Hellowork,"Paris, A8, France",2026-10-05,https://fr.indeed.com/viewjob?jk=d4010e794d9fec50,2026-10-08
linkedin,Contrôleur de gestion retail,Contrôleur magasins (H/F),GROUPE CYBERTEK,"Paris, Île-de-France, France",2026-10-05,https://www.linkedin.com/jobs/view/4473653630,2026-10-09
linkedin,Demand Planner,Demand and Supply Planner H/F,Air Liquide Healthcare,"Bagneux, Île-de-France, France",2026-10-04,https://www.linkedin.com/jobs/view/4439056757,2026-10-04
linkedin,Prévision des ventes,Ingénieur des ventes Didactic (H/F),Festo France,"Bry-sur-Marne, Île-de-France, France",2026-10-04,https://www.linkedin.com/jobs/view/4474203537,2026-10-04
linkedin,Contrôleur de gestion retail,"COORDINATEUR DES VENTES, TRADE MARKETING & MERCHANDISING H/F",Cooperl do Brasil,"Rambouillet, Île-de-France, France",2026-10-04,https://www.linkedin.com/jobs/view/4475359345,2026-10-04
hellowork,Data Analyst Retail,Data Analyst Senior H/F,DGTL Performance,Massy - 91,2026-10-04,https://www.hellowork.com/fr-fr/emplois/82992732.html,2026-10-04
hellowork,Prévision des ventes,Data Analyst Product Owner H/F,DGTL Performance,Massy - 91,2026-10-04,https://www.hellowork.com/fr-fr/emplois/82992740.html,2026-10-04
hellowork,Prévision des ventes,Responsable Performance de la Chaine de Valeur H/F,Expanscience,Paris - 75,2026-10-04,https://www.hellowork.com/fr-fr/emplois/81990344.html,2026-10-04
hellowork,Prévision des ventes,Chef de Groupe Lipton CDI H/F,Pepsico,Colombes - 92,2026-10-04,https://www.hellowork.com/fr-fr/emplois/81972528.html,2026-10-04
hellowork,Prévision des ventes,Sales - ai Apps H/F,Devoteam France,Levallois-Perret - 92,2026-10-04,https://www.hellowork.com/fr-fr/emplois/83007033.html,2026-10-04
hellowork,Prévision des ventes,Account Executive Mid-Market - Enterprise H/F,Doctrine,Paris - 75,2026-10-04,https://www.hellowork.com/fr-fr/emplois/80907883.html,2026-10-04
hellowork,Prévision des ventes,Chargé d'ADV - Supply Chain H/F,Talents ADV & Supply,Boulogne-Billancourt - 92,2026-10-04,https://www.hellowork.com/fr-fr/emplois/83002351.html,2026-10-04
linkedin,Data Analyst Retail,Analyste Performances Marketing & BI Opérations (F/H),Van Cleef & Arpels,"Paris, Île-de-France, France",2026-10-04,https://www.linkedin.com/jobs/view/4429646639,2026-10-05
linkedin,Data Analyst Retail,BUSINESS ANALYST PERFORMANCE ET RESEAUX AUTOMOBILES H/F,Alliance Automotive Group France,"Levallois-Perret, Île-de-France, France",2026-10-04,https://www.linkedin.com/jobs/view/4475519280,2026-10-05
linkedin,Data Analyst Retail,CDD - Analyste filière façon - (F/H/X),CHANEL,"Paris, Île-de-France, France",2026-10-04,https://www.linkedin.com/jobs/view/4438322080,2026-10-05
linkedin,Data Analyst Retail,Analyste Pricing Marketing (F/H),Van Cleef & Arpels,"Paris, Île-de-France, France",2026-10-04,https://www.linkedin.com/jobs/view/4438337674,2026-10-05
linkedin,Prévision des ventes,Concepteur Vendeur Cuisine,Darty,"Ormesson-sur-Marne, Île-de-France, France",2026-10-04,https://www.linkedin.com/jobs/view/4427091869,2026-10-05
linkedin,Prévision des ventes,Commercial en Assurances H/F,Gan Prévoyance,"Pithiviers, Centre-Val de Loire, France",2026-10-04,https://www.linkedin.com/jobs/view/4418827538,2026-10-05
linkedin,Prévision des ventes,Senior Presales Solutions Consultant - Operations Control & CONNECT,AVEVA,"Paris, Île-de-France, France",2026-10-04,https://www.linkedin.com/jobs/view/4429348574,2026-10-05
linkedin,Prévision des ventes,da Vinci Cardiovascular Sales Manager,Intuitive,"Paris, Île-de-France, France",2026-10-04,https://www.linkedin.com/jobs/view/4429926313,2026-10-05
linkedin,Demand Planner,CDI - Expert Fonctionnel Planification et ERP H/F,Hermès,"Pantin, Île-de-France, France",2026-10-04,https://www.linkedin.com/jobs/view/4389807637,2026-10-05
linkedin,Contrôleur de gestion retail,Manager Commerce,BRICO DÉPÔT,"Beauvais, Hauts-de-France, France",2026-10-04,https://www.linkedin.com/jobs/view/4411251791,2026-10-05
linkedin,Contrôleur de gestion retail,Contrôleur financier/Contrôleuse financière,Voluntae,"Versailles, Île-de-France, France",2026-10-04,https://www.linkedin.com/jobs/view/4473487639,2026-10-05
indeed,Demand Planner,Regional Demand & Supply Planner,Moët Hennessy,"Paris, A8, FR",2026-10-04,https://fr.indeed.com/viewjob?jk=0cb67e3f2e6ef05c,2026-10-06
indeed,Prévision des ventes,Market Analyst Industrie H/F,Hellowork,"Moussy-le-Vieux, A8, France",2026-10-04,https://fr.indeed.com/viewjob?jk=c66c48a8b5e87a99,2026-10-08
linkedin,Contrôleur de gestion retail,Head of Commercial Finance and Business Performance (F/H),KFC France,"Paris, Île-de-France, France",2026-10-03,https://www.linkedin.com/jobs/view/4454152050,2026-10-03
hellowork,Data Analyst Retail,Data Analyst Pricing H/F,Yunik,Paris - 75,2026-10-03,https://www.hellowork.com/fr-fr/emplois/84042555.html,2026-10-03
hellowork,Demand Planner,Demand Generation Intern H/F,Mirakl,Paris - 75,2026-10-03,https://www.hellowork.com/fr-fr/emplois/84059696.html,2026-10-03
hellowork,Demand Planner,Responsable Equipe Prévision des Ventes Beverage - Food CDI H/F,Pepsico,Colombes - 92,2026-10-03,https://www.hellowork.com/fr-fr/emplois/84030645.html,2026-10-03
hellowork,Prévision des ventes,Spécialiste Marketing H/F,Inventing for Life,Paris - 75,2026-10-03,https://www.hellowork.com/fr-fr/emplois/84053342.html,2026-10-03
hellowork,Prévision des ventes,Chargé d'Affaires Grands Projets - Ile-De-France H/F,DMF Réseau DEF,Lognes - 77,2026-10-03,https://www.hellowork.com/fr-fr/emplois/80925729.html,2026-10-03
hellowork,Prévision des ventes,Chargé d'Affaires - Ile de France H/F,DMF Réseau DEF,Lognes - 77,2026-10-03,https://www.hellowork.com/fr-fr/emplois/80925719.html,2026-10-03
hellowork,Prévision des ventes,Gestionnaire de Flux de Matériaux de Support Exportation H/F,Novae,Guyancourt - 78,2026-10-03,https://www.hellowork.com/fr-fr/emplois/82927754.html,2026-10-03
hellowork,Prévision des ventes,Key Account Manager Lifestyle Adidas Paris Fr H/F,Adidas,Paris - 75,2026-10-03,https://www.hellowork.com/fr-fr/emplois/82758553.html,2026-10-03
hellowork,Prévision des ventes,Business Developer Senior Design & Build - CDI H/F,Deskeo,Paris 9e - 75,2026-10-03,https://www.hellowork.com/fr-fr/emplois/84044682.html,2026-10-03
hellowork,Prévision des ventes,Stage - Assistant Transport Planner Mars 2027 H/F,Pepsico,Colombes - 92,2026-10-03,https://www.hellowork.com/fr-fr/emplois/84030667.html,2026-10-03
hellowork,Contrôleur de gestion retail,Stage Contrôle de Gestion Logistique Amont Enlarged Europe H/F,PSA Retail France SAS,Poissy - 78,2026-10-03,https://www.hellowork.com/fr-fr/emplois/84053333.html,2026-10-03
hellowork,Contrôleur de gestion retail,Stage Contrôle de Gestion Circular Economy H/F,PSA Retail France SAS,Poissy - 78,2026-10-03,https://www.hellowork.com/fr-fr/emplois/84053334.html,2026-10-03
hellowork,Contrôleur de gestion retail,Stage Contrôle de Gestion B2b - Lcd Activité de Location Courte Durée H/F,PSA Retail France SAS,Poissy - 78,2026-10-03,https://www.hellowork.com/fr-fr/emplois/84053328.html,2026-10-03
hellowork,Contrôleur de gestion retail,Stage Assistant Contrôleur de Gestion B2b H/F,PSA Retail France SAS,Poissy - 78,2026-10-03,https://www.hellowork.com/fr-fr/emplois/84053317.html,2026-10-03
hellowork,Contrôleur de gestion retail,Stage Contrôle de Gestion VO - Activité Véhicules d'Occasion H/F,PSA Retail France SAS,Poissy - 78,2026-10-03,https://www.hellowork.com/fr-fr/emplois/84053318.html,2026-10-03
hellowork,Contrôleur de gestion retail,Contrôleur Financier Retail H/F,,Massy - 91,2026-10-03,https://www.hellowork.com/fr-fr/emplois/84063011.html,2026-10-03
hellowork,Contrôleur de gestion retail,Contrôleur Financier Réseau Junior H/F,Intersport,Longjumeau - 91,2026-10-03,https://www.hellowork.com/fr-fr/emplois/84053355.html,2026-10-03
linkedin,Prévision des ventes,Senior Technical Sales - Power,Vertiv,"Roissy, Île-de-France, France",2026-10-03,https://www.linkedin.com/jobs/view/4435162201,2026-09-12
linkedin,Contrôleur de gestion retail,CDI - Responsable business analyse & prévisions (H/F),Hermès,"Pantin, Île-de-France, France",2026-10-03,https://www.linkedin.com/jobs/view/4437071614,2026-10-04
linkedin,Data Analyst Retail,Senior Data Analyst,Artefact,"Paris, Île-de-France, France",2026-10-03,https://www.linkedin.com/jobs/view/4466387539,2026-10-04
linkedin,Contrôleur de gestion retail,Strategic Business Planner - H/F/X,showroomprive.com,"St.-Denis, Île-de-France, France",2026-10-03,https://www.linkedin.com/jobs/view/4433125467,2026-10-04
linkedin,Contrôleur de gestion retail,Contrôleur(se) de gestion exploitation,BRICO DÉPÔT,"Longpont-sur-Orge, Île-de-France, France",2026-10-03,https://www.linkedin.com/jobs/view/4466374914,2026-10-04
linkedin,Data Analyst Retail,Alternant - ISR Commercial B2C,Lenovo,"Rueil-Malmaison, Île-de-France, France",2026-10-03,https://www.linkedin.com/jobs/view/4423951761,2026-10-04
linkedin,Data Analyst Retail,CDD - Junior Analyste ESG Mode - (H/F/X),CHANEL,"Paris, Île-de-France, France",2026-10-03,https://www.linkedin.com/jobs/view/4409344726,2026-10-04
linkedin,Prévision des ventes,VENDEUR CONSEIL H/F MATERIEL ET EQUIPEMENT OUTDOOR,AU VIEUX CAMPEUR,"Paris, Île-de-France, France",2026-10-03,https://www.linkedin.com/jobs/view/4473451472,2026-10-04
linkedin,Prévision des ventes,Technico-commercial sédentaire H/F,Xylem,"Nanterre, Île-de-France, France",2026-10-03,https://www.linkedin.com/jobs/view/4466066853,2026-10-04
linkedin,Demand Planner,Approvisionneur Industriel Anglais H/F,Talents ADV-Supply,"Beauchamp, Île-de-France, France",2026-10-03,https://www.linkedin.com/jobs/view/4464180074,2026-10-04
linkedin,Demand Planner,Assistant Supply & Distribution Planner Souliers Femme & Homme - F/H - STAGE,Christian Dior Couture,"Paris, Île-de-France, France",2026-10-03,https://www.linkedin.com/jobs/view/4466401028,2026-10-04
linkedin,Contrôleur de gestion retail,Contrôleur de Gestion Senior (H/F),Toyota Material Handling France,"Bussy-Saint-Georges, Île-de-France, France",2026-10-03,https://www.linkedin.com/jobs/view/4408868358,2026-10-04
linkedin,Contrôleur de gestion retail,"COORDINATEUR DES VENTES, TRADE MARKETING & MERCHANDISING H/F",Cooperl,"Rambouillet, Île-de-France, France",2026-10-03,https://www.linkedin.com/jobs/view/4473458212,2026-10-04
linkedin,Contrôleur de gestion retail,Intership - Assistant Product Margin Controller,Lacoste,"Paris, Île-de-France, France",2026-10-03,https://www.linkedin.com/jobs/view/4466316225,2026-10-04
linkedin,Demand Planner,Stage - Assistant Business Analyst France,Guerlain,"Paris, Île-de-France, France",2026-10-03,https://www.linkedin.com/jobs/view/4445916974,2026-09-29
linkedin,Data Analyst Retail,Marketing Data Scientist Consultant,PPT Consulting,"Paris, Île-de-France, France",2026-10-03,https://www.linkedin.com/jobs/view/4473833328,2026-10-05
linkedin,Prévision des ventes,Conseiller Commercial DENZA (H/F) - Paris,Harmony Auto France,"Paris, Île-de-France, France",2026-10-03,https://www.linkedin.com/jobs/view/4473857317,2026-10-05
linkedin,Contrôleur de gestion retail,Manager de rayon épicerie junior - Hypermarché (F/H),Carrefour,"Venette, Hauts-de-France, France",2026-10-03,https://www.linkedin.com/jobs/view/4470137784,2026-10-05
linkedin,Data Analyst Retail,CDI - Data Manager Prêt-à-porter Femme h/f,Hermès,"Pantin, Île-de-France, France",2026-10-03,https://www.linkedin.com/jobs/view/4463879693,2026-10-06
linkedin,Prévision des ventes,Commercial terrain BtoB - Variable déplafonné - en CDI (H/F),SCT,"Beauvais, Hauts-de-France, France",2026-10-03,https://www.linkedin.com/jobs/view/4473828439,2026-10-06
linkedin,Demand Planner,Approvisionneur Industriel Allemand H/F,Talents ADV-Supply,"Beauchamp, Île-de-France, France",2026-10-03,https://www.linkedin.com/jobs/view/4464163767,2026-10-06
hellowork,Prévision des ventes,Directeur Commercial GMS et Export H/F,Tereos,Moussy-le-Vieux - 77,2026-10-02,https://www.hellowork.com/fr-fr/emplois/84020914.html,2026-10-03
linkedin,Contrôleur de gestion retail,CDI - Business Analyste et support finance – Travel retail (H/F),Hermès,"Paris, Île-de-France, France",2026-10-02,https://www.linkedin.com/jobs/view/4472897148,2026-10-02
linkedin,Demand Planner,Senior Data Scientist ( Economist) - Supply,Back Market,"Paris, Île-de-France, France",2026-10-02,https://www.linkedin.com/jobs/view/4474721628,2026-10-02
linkedin,Prévision des ventes,Consultant Avant-Vente F/H,Horoquartz,"Massy, Île-de-France, France",2026-10-02,https://www.linkedin.com/jobs/view/4474723184,2026-10-02
linkedin,Prévision des ventes,Technico-commercial Itinérant Junior F/H,KEYENCE CORPORATION,"Bois-Colombes, Île-de-France, France",2026-10-02,https://www.linkedin.com/jobs/view/4472892102,2026-10-02
linkedin,Prévision des ventes,Senior Solution Consultant (Pre-sales) - French/Spanish Fluent (M/F),Ivalua,"Massy, Île-de-France, France",2026-10-02,https://www.linkedin.com/jobs/view/4438504647,2026-10-02
linkedin,Prévision des ventes,Ingénieur Technico-commercial Itinérant Junior F/H,KEYENCE CORPORATION,"Bois-Colombes, Île-de-France, France",2026-10-02,https://www.linkedin.com/jobs/view/4472883471,2026-10-02
linkedin,Prévision des ventes,Concepteur-Vendeur,Concepteur Vendeur,"Paris, Île-de-France, France",2026-10-02,https://www.linkedin.com/jobs/view/4474715945,2026-10-02
linkedin,Demand Planner,Approvisionneur Industriel H/F,Fed Supply,"Magny-en-Vexin, Île-de-France, France",2026-10-02,https://www.linkedin.com/jobs/view/4472892413,2026-10-02
linkedin,Contrôleur de gestion retail,Chef de département H/F,ORCHESTRA,"Gennevilliers, Île-de-France, France",2026-10-02,https://www.linkedin.com/jobs/view/4463572076,2026-10-02
indeed,Data Analyst Retail,Finance Analyst intern,Mirakl,"Paris, A8, FR",2026-10-02,https://fr.indeed.com/viewjob?jk=53581d820365ad04,2026-10-02
indeed,Data Analyst Retail,Insights Analyst,NielsenIQ,"Paris, A8, FR",2026-10-02,https://fr.indeed.com/viewjob?jk=f1e02578d5f18729,2026-10-02
indeed,Prévision des ventes,Assistant vente H/F (Customer Service Representative),IMCD FRANCE,"Saint-Denis, A8, FR",2026-10-02,https://fr.indeed.com/viewjob?jk=800c7150ff218404,2026-10-02
indeed,Demand Planner,Stage Supply Planner F/H,Nestlé,"Issy-les-Moulineaux, A8, FR",2026-10-02,https://fr.indeed.com/viewjob?jk=d38f21a874ea9ed9,2026-10-02
indeed,Prévision des ventes,CDI - Business Analyste et support finance – Travel retail (H/F),Hermès,"Paris, A8, FR",2026-10-02,https://fr.indeed.com/viewjob?jk=772738d5f0868b2c,2026-10-02
indeed,Prévision des ventes,Chargé(e) d’Affaires Senior Habillage d’Espaces et Signalétique,DecoAder,"Paris, A8, FR",2026-10-02,https://fr.indeed.com/viewjob?jk=0152effe22fced18,2026-10-02
hellowork,Data Analyst Retail,Stage Data Analytics Engineer H/F,PSA Retail France SAS,Poissy - 78,2026-10-02,https://www.hellowork.com/fr-fr/emplois/83980251.html,2026-10-02
hellowork,Data Analyst Retail,Stage Ingénierie des Données et Modélisation Sémantique H/F,PSA Retail France SAS,Poissy - 78,2026-10-02,https://www.hellowork.com/fr-fr/emplois/83980249.html,2026-10-02
hellowork,Data Analyst Retail,Stage Purchasing Data Analyst H/F,PSA Retail France SAS,Poissy - 78,2026-10-02,https://www.hellowork.com/fr-fr/emplois/83980220.html,2026-10-02
hellowork,Data Analyst Retail,Stage Data Analytics & Reporting H/F,PSA Retail France SAS,Poissy - 78,2026-10-02,https://www.hellowork.com/fr-fr/emplois/83980211.html,2026-10-02
hellowork,Data Analyst Retail,Stage Purchasing Data Analyst H/F,PSA Retail France SAS,Val-d'Oise - 95,2026-10-02,https://www.hellowork.com/fr-fr/emplois/83980217.html,2026-10-02
hellowork,Prévision des ventes,Directeur Commercial Constructeur Automobile H/F,Michael Page,Courbevoie - 92,2026-10-02,https://www.hellowork.com/fr-fr/emplois/83997459.html,2026-10-02
hellowork,Prévision des ventes,Compte-Cle National H/F,Michael Page,Rungis - 94,2026-10-02,https://www.hellowork.com/fr-fr/emplois/83997323.html,2026-10-02
hellowork,Prévision des ventes,Gestionnaire de Stock H/F,GROUPE SAINT-GOBAIN,Gennevilliers - 92,2026-10-02,https://www.hellowork.com/fr-fr/emplois/82901991.html,2026-10-02
hellowork,Prévision des ventes,Agent Commercial H/F,Noviac,Paris - 75,2026-10-02,https://www.hellowork.com/fr-fr/emplois/83989471.html,2026-10-02
hellowork,Prévision des ventes,Coordinateur P2p H/F,Bridgestone,Paris 13e - 75,2026-10-02,https://www.hellowork.com/fr-fr/emplois/83983186.html,2026-10-02
hellowork,Prévision des ventes,Approvisionneur CDI Paris H/F,WeFix,Paris 18e - 75,2026-10-02,https://www.hellowork.com/fr-fr/emplois/83979623.html,2026-10-02
hellowork,Prévision des ventes,Coordinateur Cosc H/F,Tereos,Moussy-le-Vieux - 77,2026-10-02,https://www.hellowork.com/fr-fr/emplois/83977940.html,2026-10-02
hellowork,Contrôleur de gestion retail,Stage Contrôle de Gestion H/F,Ritz Paris,Paris 1er - 75,2026-10-02,https://www.hellowork.com/fr-fr/emplois/83983075.html,2026-10-02
linkedin,Prévision des ventes,Conseiller commercial copropriété F/H,IZI by EDF,"Courbevoie, Île-de-France, France",2026-10-02,https://www.linkedin.com/jobs/view/4471455321,2026-09-25
linkedin,Data Analyst Retail,Data analyst - Franprix F/H,Franprix,"Vitry-sur-Seine, Île-de-France, France",2026-10-02,https://www.linkedin.com/jobs/view/4464597289,2026-10-03
linkedin,Data Analyst Retail,Data Analyst Retail F/H,Catalina Marketing France,"Boulogne-Billancourt, Île-de-France, France",2026-10-02,https://www.linkedin.com/jobs/view/4456794424,2026-10-03
linkedin,Contrôleur de gestion retail,Retail Merchandiser MRTW (F/H),Louis Vuitton,"Paris, Île-de-France, France",2026-10-02,https://www.linkedin.com/jobs/view/4465883750,2026-10-03
linkedin,Data Analyst Retail,Alternance - Business Analytics (H/F),Richemont,"Paris, Île-de-France, France",2026-10-02,https://www.linkedin.com/jobs/view/4473369515,2026-10-03
linkedin,Data Analyst Retail,CDI - Data Manager et BI (H/F),Hermès,"Pantin, Île-de-France, France",2026-10-02,https://www.linkedin.com/jobs/view/4473359558,2026-10-03
linkedin,Data Analyst Retail,Business Performance Lead  Achats France / Europe - H/F,L’univers NOZ,"Chartres, Centre-Val de Loire, France",2026-10-02,https://www.linkedin.com/jobs/view/4419801853,2026-10-03
linkedin,Demand Planner,"NIQ Early Career Program: Alternance – Consultant Analytique programmes collaboratifs (disponibilité linéaire OSA, datasharing) F/H",NielsenIQ,"Bezons, Île-de-France, France",2026-10-02,https://www.linkedin.com/jobs/view/4472896177,2026-10-03
linkedin,Data Analyst Retail,Senior Business Analyst,Alma,"Paris, Île-de-France, France",2026-10-02,https://www.linkedin.com/jobs/view/4466075676,2026-10-03
linkedin,Data Analyst Retail,Consultant(e) PIM Salsify (H/F),DGTL Performance,"St.-Ouen, Île-de-France, France",2026-10-02,https://www.linkedin.com/jobs/view/4474789436,2026-10-03
linkedin,Data Analyst Retail,Développeur Produit en Business Intelligence pour la Portée du Marché,Hilti Group,"Boulogne-Billancourt, Île-de-France, France",2026-10-02,https://www.linkedin.com/jobs/view/4441049136,2026-10-03
linkedin,Data Analyst Retail,Marketing Data Scientist Consultant,Sia,"Paris, Île-de-France, France",2026-10-02,https://www.linkedin.com/jobs/view/4474779418,2026-10-03
linkedin,Data Analyst Retail,Business & Marketing Data Analyst (Luxury Retail) - Stage bilingue Français & Anglais (H/F),RC Group,"Boulogne-Billancourt, Île-de-France, France",2026-10-02,https://www.linkedin.com/jobs/view/4473353404,2026-10-03
linkedin,Prévision des ventes,Chargé d'études commerciales & chiffrage en Systèmes de Sécurité Incendie f/h,Siemens,"Vélizy-Villacoublay, Île-de-France, France",2026-10-02,https://www.linkedin.com/jobs/view/4473364383,2026-10-03
linkedin,Prévision des ventes,Consultant Avant - Vente Polarion (ALM) h/f,Siemens Digital Industries Software,"Châtillon, Île-de-France, France",2026-10-02,https://www.linkedin.com/jobs/view/4445732877,2026-10-03
linkedin,Prévision des ventes,Chargé d'études commerciales & chiffrage en Systèmes de Sécurité Incendie f/h,Siemens,"Bezons, Île-de-France, France",2026-10-02,https://www.linkedin.com/jobs/view/4473368170,2026-10-03
linkedin,Prévision des ventes,Ingénieur Commercial Conseil Fiscalité Locale H/F,Ayming,"Levallois-Perret, Île-de-France, France",2026-10-02,https://www.linkedin.com/jobs/view/4408181548,2026-10-03
linkedin,Prévision des ventes,Direct Presales - Consultant AVV F/H,DOCAPOSTE,"Courbevoie, Île-de-France, France",2026-10-02,https://www.linkedin.com/jobs/view/4463910870,2026-10-03
linkedin,Prévision des ventes,Technico-commercial Itinérant Junior F/H,KEYENCE CORPORATION,"Bois-Colombes, Île-de-France, France",2026-10-02,https://www.linkedin.com/jobs/view/4472884381,2026-10-03
linkedin,Prévision des ventes,Conseiller de Vente Joaillerie H/F,Printemps,"Vélizy-Villacoublay, Île-de-France, France",2026-10-02,https://www.linkedin.com/jobs/view/4473343477,2026-10-03
linkedin,Prévision des ventes,Assistance technico-commerciale,AVANTAGE RH,"St.-Maurice, Île-de-France, France",2026-10-02,https://www.linkedin.com/jobs/view/4473353187,2026-10-03
linkedin,Prévision des ventes,"Industry Principal, MMM",AVEVA,"Paris, Île-de-France, France",2026-10-02,https://www.linkedin.com/jobs/view/4446442932,2026-10-03
linkedin,Prévision des ventes,ServiceNow Sales Manager,DXC Technology,"Paris, Île-de-France, France",2026-10-02,https://www.linkedin.com/jobs/view/4428712914,2026-10-03
linkedin,Demand Planner,Gestionnaire Approvisionnement,BaByliss,"Boulogne-Billancourt, Île-de-France, France",2026-10-02,https://www.linkedin.com/jobs/view/4474767749,2026-10-03
linkedin,Demand Planner,Coordinateur Approvisionnement EFS Réactifs F/H,EFS,"St.-Denis, Île-de-France, France",2026-10-02,https://www.linkedin.com/jobs/view/4475036678,2026-10-03
linkedin,Demand Planner,Approvisionneur -CDI- H/F,Lagardère Travel Retail,"Levallois-Perret, Île-de-France, France",2026-10-02,https://www.linkedin.com/jobs/view/4475030338,2026-10-03
linkedin,Demand Planner,"CDD - Forecast Analyst H/F | L'Or, Tassimo, Senseo",JDE Peet's,"Paris, Île-de-France, France",2026-10-02,https://www.linkedin.com/jobs/view/4464558617,2026-10-03
linkedin,Demand Planner,Responsable pièces de rechange Europe,Carrier,"Rueil-Malmaison, Île-de-France, France",2026-10-02,https://www.linkedin.com/jobs/view/4473356789,2026-10-03
linkedin,Demand Planner,Approvisionneur - Intérim - H/F,Lagardère Travel Retail,"Levallois-Perret, Île-de-France, France",2026-10-02,https://www.linkedin.com/jobs/view/4475029302,2026-10-03
linkedin,Contrôleur de gestion retail,Operation Finance Business Partner,O’Tacos Corporation,"Montrouge, Île-de-France, France",2026-10-02,https://www.linkedin.com/jobs/view/4465888817,2026-10-03
linkedin,Contrôleur de gestion retail,"Brand Finance Manager, Responsable Financier des Marques, France Espagne, F/H",General Mills,"Boulogne-Billancourt, Île-de-France, France",2026-10-02,https://www.linkedin.com/jobs/view/4473380358,2026-10-03
linkedin,Contrôleur de gestion retail,Responsable Sales Merchandising PAP - CDD,Chloé,"Paris, Île-de-France, France",2026-10-02,https://www.linkedin.com/jobs/view/4473342224,2026-10-03
indeed,Data Analyst Retail,Stage - Marketing Analyst H/F,BNP Paribas,"Puteaux, A8, FR",2026-10-02,https://fr.indeed.com/viewjob?jk=1659f4ed2c574f48,2026-10-03
indeed,Data Analyst Retail,Pricing Analyst,ELECTRA,"Paris, A8, FR",2026-10-02,https://fr.indeed.com/viewjob?jk=ce113ceafce5f0e4,2026-10-03
indeed,Prévision des ventes,Chef de produits junior H/F,MSD,"Paris, A8, FR",2026-10-02,https://fr.indeed.com/viewjob?jk=1cc6d6644f5de240,2026-10-03
indeed,Prévision des ventes,Directeur Commercial GMS et Export F/H,Tereos,"Moussy-le-Vieux, A8, FR",2026-10-02,https://fr.indeed.com/viewjob?jk=e9a1fb23aab92341,2026-10-03
indeed,Prévision des ventes,Responsable pilotage et performance logistique des opérations commerciales H/F,BIOCOOP,"Paris, A8, FR",2026-10-02,https://fr.indeed.com/viewjob?jk=47ee10ba645c1269,2026-10-03
indeed,Prévision des ventes,Stage - Assistant Projets & Excellence Opérationnelle - Supply Chain F/H,Erborian International,"Paris, A8, FR",2026-10-02,https://fr.indeed.com/viewjob?jk=45f3f27475a271eb,2026-10-03
indeed,Prévision des ventes,Consultant(e) Confirme(e) Data / IA H/F,MC2I,"Paris, A8, FR",2026-10-02,https://fr.indeed.com/viewjob?jk=d7e92e77f1e26e8c,2026-10-03
indeed,Prévision des ventes,Responsable développement partenaires CEE (H/F),GP,"Maisons-Laffitte, A8, FR",2026-10-02,https://fr.indeed.com/viewjob?jk=8e08b5104892d746,2026-10-03
indeed,Prévision des ventes,KERING Chargé(e) de Contrôle Financier (stage),Kering,"Paris, A8, FR",2026-10-02,https://fr.indeed.com/viewjob?jk=1bc3e81a4105b3d6,2026-10-03
indeed,Prévision des ventes,Superviseur des Opérations Logistiques et transport de nuit F/H - NORD IDF,Proximy,"Stains, A8, FR",2026-10-02,https://fr.indeed.com/viewjob?jk=e0e59eda1401bf47,2026-10-03
indeed,Contrôleur de gestion retail,Stage - Contrôleur Interne – La Samaritaine (F/H),Le Bon Marché,"Paris, A8, FR",2026-10-02,https://fr.indeed.com/viewjob?jk=e063b7c279db81aa,2026-10-03
indeed,Contrôleur de gestion retail,Stage - Assistant(e) Contrôleur de Gestion Offre & Marketing France (F/H/X),Sephora,"Neuilly-sur-Seine, A8, FR",2026-10-02,https://fr.indeed.com/viewjob?jk=6ba62ffb9e0e6001,2026-10-03
hellowork,Prévision des ventes,Responsable Pilotage et Performance Logistique des Opérations Commerciales H/F,Biocoop,Paris - 75,2026-10-02,https://www.hellowork.com/fr-fr/emplois/84001321.html,2026-10-03
linkedin,Contrôleur de gestion retail,Directeur de supermarché f/h,Alexander B. Smith,"La Garenne-Colombes, Île-de-France, France",2026-10-02,https://www.linkedin.com/jobs/view/4470842523,2026-09-28
linkedin,Data Analyst Retail,Business Analyst Apprentice,Novo Nordisk,"Puteaux, Île-de-France, France",2026-10-02,https://www.linkedin.com/jobs/view/4473187018,2026-10-04
linkedin,Data Analyst Retail,Senior Data Analyst,Shine,"Paris, Île-de-France, France",2026-10-02,https://www.linkedin.com/jobs/view/4473125345,2026-10-04
linkedin,Data Analyst Retail,Stagiaire Assistant(e) Category Manager Grande Distribution,Campari Group,"Paris, Île-de-France, France",2026-10-02,https://www.linkedin.com/jobs/view/4474780961,2026-10-04
linkedin,Prévision des ventes,Ingénieur Technico-commercial Itinérant Junior F/H,KEYENCE CORPORATION,"Bois-Colombes, Île-de-France, France",2026-10-02,https://www.linkedin.com/jobs/view/4472887343,2026-10-04
linkedin,Prévision des ventes,Commercial B2B sédentaire / Inside Sales Rep (ISR),Treatwell,"Paris, Île-de-France, France",2026-10-02,https://www.linkedin.com/jobs/view/4457347165,2026-10-04
linkedin,Demand Planner,Assistant Supply Chain Outlet et Ventes Privées Europe F/H - Stage,Christian Dior Couture,"Paris, Île-de-France, France",2026-10-02,https://www.linkedin.com/jobs/view/4465802273,2026-10-04
linkedin,Demand Planner,Stage - Assistant.e Supply Planner - 6 mois,TWININGS & CO,"Levallois-Perret, Île-de-France, France",2026-10-02,https://www.linkedin.com/jobs/view/4474721356,2026-10-04
linkedin,Contrôleur de gestion retail,Manager de rayons PGC F/H,Auchan Retail,"Neauphle-le-Château, Île-de-France, France",2026-10-02,https://www.linkedin.com/jobs/view/4473174672,2026-10-04
linkedin,Contrôleur de gestion retail,Responsable de Magasin - F/H,COURIR,"Allonne, Hauts-de-France, France",2026-10-02,https://www.linkedin.com/jobs/view/4474302979,2026-10-04
linkedin,Contrôleur de gestion retail,Assistant CATMAN Enseignes F/H,Candia (Coopérative Sodiaal),"Paris, Île-de-France, France",2026-10-02,https://www.linkedin.com/jobs/view/4473143778,2026-10-04
linkedin,Data Analyst Retail,Performance Data Analyst F/H,Air France,"Roissy-en-France, Île-de-France, France",2026-10-02,https://www.linkedin.com/jobs/view/4472879307,2026-10-05
linkedin,Data Analyst Retail,Business Analyst Intern (6 months) - 2027,Amazon,"Clichy, Île-de-France, France",2026-10-02,https://www.linkedin.com/jobs/view/4475009101,2026-10-05
linkedin,Prévision des ventes,Vendeur-Concepteur en aménagement intérieur F/H,Mobalpa,"Noisy-le-Grand, Île-de-France, France",2026-10-02,https://www.linkedin.com/jobs/view/4472880734,2026-10-05
linkedin,Demand Planner,Supply Chain Tech - Center of Excellence,Cognite,"Paris, Île-de-France, France",2026-10-02,https://www.linkedin.com/jobs/view/4474726783,2026-10-05
linkedin,Demand Planner,H/F Analyst Commercial & Prévisions des ventes GMS,ETHIQUABLE,"Paris, Île-de-France, France",2026-10-02,https://www.linkedin.com/jobs/view/4472884487,2026-10-05
linkedin,Demand Planner,Acheteur (H/F),Inmac wstore,"Roissy-en-France, Île-de-France, France",2026-10-02,https://www.linkedin.com/jobs/view/4473194329,2026-10-05
linkedin,Demand Planner,Responsable pilotage et performance logistique des opérations commerciales H/F,Coopérative Biocoop,"Paris, Île-de-France, France",2026-10-02,https://www.linkedin.com/jobs/view/4473128592,2026-10-05
linkedin,Demand Planner,"Stage - Mondelez (LU, Milka, Oreo...) - Supply Chain - Customer Care Analyst (H/F/X) - 6 mois - Janvier 2027 - Boulogne-Billancourt",Mondelēz International,"Boulogne-Billancourt, Île-de-France, France",2026-10-02,https://www.linkedin.com/jobs/view/4465670182,2026-10-05
linkedin,Demand Planner,Gestionnaire approvisionnements et achats (F/H),Ville de Clamart,"Clamart, Île-de-France, France",2026-10-02,https://www.linkedin.com/jobs/view/4474730132,2026-10-05
linkedin,Contrôleur de gestion retail,HR Controlling Manager - LVMH Fashion Group,LVMH,"Paris, Île-de-France, France",2026-10-02,https://www.linkedin.com/jobs/view/4473338921,2026-10-05
linkedin,Contrôleur de gestion retail,Collection Merchandiser Maroquinerie (F/H),Lacoste,"Paris, Île-de-France, France",2026-10-02,https://www.linkedin.com/jobs/view/4437184914,2026-10-05
hellowork,Prévision des ventes,Démonstratrice Paris H/F,Les Nouveaux Héritiers,Paris 9e - 75,2026-10-02,https://www.hellowork.com/fr-fr/emplois/84002512.html,2026-10-05
indeed,Prévision des ventes,Consultant(e) Confirme(e) Data / IA H/F,MC2I,"Paris, A8, FR",2026-10-01,https://fr.indeed.com/viewjob?jk=56282b9339f709d9,2026-10-01
indeed,Prévision des ventes,Superviseur des Opérations Logistiques et transport de nuit F/H,Proximy,"Stains, A8, FR",2026-10-01,https://fr.indeed.com/viewjob?jk=4159fc8377ceb7ab,2026-10-01
indeed,Prévision des ventes,Directeur commercial & développement (F/H),,"Noisy-le-Grand, A8, FR",2026-10-01,https://fr.indeed.com/viewjob?jk=b55292cca932662a,2026-10-01
indeed,Contrôleur de gestion retail,contrôleur·se de gestion retail f/h,ba&sh,"Paris, A8, FR",2026-10-01,https://fr.indeed.com/viewjob?jk=9cff932388f780af,2026-10-01
hellowork,Data Analyst Retail,Consultant Senior - Data Analyst - Luxe & Retail H/F,Square Management,Neuilly-sur-Seine - 92,2026-10-01,https://www.hellowork.com/fr-fr/emplois/80876306.html,2026-10-01
hellowork,Demand Planner,Prévisionniste des Ventes - Demand Planner H/F,EXTEND CONSULTING,Paris - 75,2026-10-01,https://www.hellowork.com/fr-fr/emplois/83964780.html,2026-10-01
hellowork,Demand Planner,Balenciaga - Demand Planning Intern - September 2026 H/F,Kering,Paris - 75,2026-10-01,https://www.hellowork.com/fr-fr/emplois/82714643.html,2026-10-01
hellowork,Demand Planner,Demand Planner Anglais Courant H/F,Michael Page,Clichy - 92,2026-10-01,https://www.hellowork.com/fr-fr/emplois/83960814.html,2026-10-01
hellowork,Demand Planner,Stage - Assistant Prévision des Ventes Internationales et Data Analyst H/F,Hermès,Paris - 75,2026-10-01,https://www.hellowork.com/fr-fr/emplois/83941416.html,2026-10-01
hellowork,Prévision des ventes,Technico-Commercial Confirmé - Équipements de Laboratoire H/F,Talents Commerciaux,Collégien - 77,2026-10-01,https://www.hellowork.com/fr-fr/emplois/78621778.html,2026-10-01
hellowork,Prévision des ventes,Coordinateur Service Client - Vivier H/F,Mondelez International,Clamart - 92,2026-10-01,https://www.hellowork.com/fr-fr/emplois/75052692.html,2026-10-01
hellowork,Prévision des ventes,Compte Clé Gd H/F,,Île-de-France,2026-10-01,https://www.hellowork.com/fr-fr/emplois/80879451.html,2026-10-01
hellowork,Prévision des ventes,CDD Master Planner S&S H/F,Tereos,Moussy-le-Vieux - 77,2026-10-01,https://www.hellowork.com/fr-fr/emplois/82852572.html,2026-10-01
hellowork,Prévision des ventes,Ic Modernisation Idf H/F,HC Resources,Vélizy-Villacoublay - 78,2026-10-01,https://www.hellowork.com/fr-fr/emplois/82884962.html,2026-10-01
hellowork,Prévision des ventes,Chargé de Sous-Traitance H/F,Laboratoire SVR,Le Plessis-Pâté - 91,2026-10-01,https://www.hellowork.com/fr-fr/emplois/81927777.html,2026-10-01
hellowork,Prévision des ventes,Supply & Inventory Manager F - M H/F,Cheerz,Paris - 75,2026-10-01,https://www.hellowork.com/fr-fr/emplois/81906492.html,2026-10-01
hellowork,Prévision des ventes,Directeur de Magasin H/F,Tang Frères,Herblay-sur-Seine - 95,2026-10-01,https://www.hellowork.com/fr-fr/emplois/79653928.html,2026-10-01
hellowork,Prévision des ventes,Export Sales Manager H/F,Thales,Gennevilliers - 92,2026-10-01,https://www.hellowork.com/fr-fr/emplois/81953431.html,2026-10-01
hellowork,Prévision des ventes,Key Account Executive - Segment Law H/F,Doctrine,Paris - 75,2026-10-01,https://www.hellowork.com/fr-fr/emplois/80878098.html,2026-10-01
hellowork,Prévision des ventes,Directeur de Magasin Adjoint H/F,Tang Frères,Herblay-sur-Seine - 95,2026-10-01,https://www.hellowork.com/fr-fr/emplois/79654106.html,2026-10-01
hellowork,Prévision des ventes,Responsable de Boutique en Boulangerie Pâtisserie H/F,Maison Kayser,Paris - 75,2026-10-01,https://www.hellowork.com/fr-fr/emplois/70861094.html,2026-10-01
hellowork,Prévision des ventes,Responsable de Boutique en Boulangerie Pâtisserie H/F,Maison Kayser,Paris - 75,2026-10-01,https://www.hellowork.com/fr-fr/emplois/70849787.html,2026-10-01
hellowork,Prévision des ventes,Directeur Adjoint - Directrice Adjointe de Magasin Mobilité 91 H/F,Naturéo,Viry-Châtillon - 91,2026-10-01,https://www.hellowork.com/fr-fr/emplois/83952351.html,2026-10-01
hellowork,Prévision des ventes,Assistant Approvisionnement Employé en Approvisionnement H/F,Green Family,Rueil-Malmaison - 92,2026-10-01,https://www.hellowork.com/fr-fr/emplois/83944795.html,2026-10-01
hellowork,Contrôleur de gestion retail,Contrôleur Financier Réseau H/F,Intersport,Longjumeau - 91,2026-10-01,https://www.hellowork.com/fr-fr/emplois/83939387.html,2026-10-01
hellowork,Demand Planner,Alternance - Assistant Supply Chain H/F,Hermes Sellier,Pantin - 93,2026-10-01,https://www.hellowork.com/fr-fr/emplois/81910560.html,2026-10-01
hellowork,Contrôleur de gestion retail,Contrôleur de Gestion Business H/F,Showroomprivé,Saint-Denis - 93,2026-10-01,https://www.hellowork.com/fr-fr/emplois/82848276.html,2026-10-01
linkedin,Prévision des ventes,Ingénieur·e commercial·e en décarbonation des procédés industriels (H/F),Ynergie,"Paris, Île-de-France, France",2026-10-01,https://www.linkedin.com/jobs/view/4468516989,2026-09-22
linkedin,Demand Planner,Approvisionneur/Ordonnanceur F/H,JCDecaux,"Plaisir, Île-de-France, France",2026-10-01,https://www.linkedin.com/jobs/view/4471063639,2026-09-27
linkedin,Prévision des ventes,Concepteur Vendeur Cuisine F/H,Darty,"Boulogne-Billancourt, Île-de-France, France",2026-10-01,https://www.linkedin.com/jobs/view/4474145711,2026-10-01
linkedin,Prévision des ventes,Conseiller Voyage H/F,PONANT,"Paris, Île-de-France, France",2026-10-01,https://www.linkedin.com/jobs/view/4472535482,2026-10-01
linkedin,Prévision des ventes,Responsable ventes régionales,DEF,"Massy, Île-de-France, France",2026-10-01,https://www.linkedin.com/jobs/view/4474137225,2026-10-01
linkedin,Prévision des ventes,Assistant commercial/Assistante commerciale,ERTEM International,"Montreuil, Île-de-France, France",2026-10-01,https://www.linkedin.com/jobs/view/4472529818,2026-10-01
linkedin,Demand Planner,Supply Planner (H/F/X),Bel,"Suresnes, Île-de-France, France",2026-10-01,https://www.linkedin.com/jobs/view/4472669837,2026-10-01
linkedin,Demand Planner,Gestionnaire Approvisionnement H/F,ARMAND THIERY,"Levallois-Perret, Île-de-France, France",2026-10-01,https://www.linkedin.com/jobs/view/4474142154,2026-10-01
linkedin,Demand Planner,Stage - Assistant(e) Supply & Distribution Planner (F/H),GIVENCHY,"Paris, Île-de-France, France",2026-10-01,https://www.linkedin.com/jobs/view/4465300384,2026-10-01
linkedin,Demand Planner,Stage Assistant(e) Supply Chain IBP,Kellanova,"Boulogne-Billancourt, Île-de-France, France",2026-10-01,https://www.linkedin.com/jobs/view/4463089066,2026-10-01
linkedin,Demand Planner,Responsable Supply Chain Datacenter,Felps Group,"Île-de-France, France",2026-10-01,https://www.linkedin.com/jobs/view/4474136856,2026-10-01
linkedin,Contrôleur de gestion retail,Responsable Controle de Gestion Groupe,Edmond de Rothschild Heritage,"Paris, Île-de-France, France",2026-10-01,https://www.linkedin.com/jobs/view/4474120621,2026-10-01
linkedin,Contrôleur de gestion retail,Senior analyst commercial finance (H/F/X),Mondelēz International,"Boulogne-Billancourt, Île-de-France, France",2026-10-01,https://www.linkedin.com/jobs/view/4473985403,2026-10-01
linkedin,Contrôleur de gestion retail,Consolidation - Contrôleur de Gestion / Reporting (F/H),GIVENCHY,"Paris, Île-de-France, France",2026-10-01,https://www.linkedin.com/jobs/view/4465336950,2026-10-01
linkedin,Data Analyst Retail,DATA ANALYST QUALITE DE STOCK (F/H),Cdiscount,"Vémars, Île-de-France, France",2026-10-01,https://www.linkedin.com/jobs/view/4474550126,2026-10-02
linkedin,Data Analyst Retail,"IT Data, BI & Integration Analyst",Comptoir des Cotonniers,"Paris, Île-de-France, France",2026-10-01,https://www.linkedin.com/jobs/view/4474184651,2026-10-02
linkedin,Demand Planner,"Lead Data Analyst, Supply Chain, Long-Term Planning",Amazon,"Clichy, Île-de-France, France",2026-10-01,https://www.linkedin.com/jobs/view/4474368419,2026-10-02
linkedin,Contrôleur de gestion retail,CDD Head of Business Analysis & Merchandising Transformation – Dior Homme,Christian Dior Couture,"Paris, Île-de-France, France",2026-10-01,https://www.linkedin.com/jobs/view/4474533157,2026-10-02
linkedin,Data Analyst Retail,Apprenti(e) Purchasing Performance and Reporting Analyst,Valeo,"Paris, Île-de-France, France",2026-10-01,https://www.linkedin.com/jobs/view/4455785138,2026-10-02
linkedin,Data Analyst Retail,Data Analyst (F/H),Valeo,"Créteil, Île-de-France, France",2026-10-01,https://www.linkedin.com/jobs/view/4455771313,2026-10-02
linkedin,Data Analyst Retail,Data Analyst,SoTalent,"Boulogne-Billancourt, Île-de-France, France",2026-10-01,https://www.linkedin.com/jobs/view/4472919602,2026-10-02
linkedin,Data Analyst Retail,Chef.fe de projet AMOA Commerce (H/F/N),leboncoin,"Paris, Île-de-France, France",2026-10-01,https://www.linkedin.com/jobs/view/4456345949,2026-10-02
linkedin,Prévision des ventes,Principal Presales Consultant | Asset Information Management,AVEVA,"Paris, Île-de-France, France",2026-10-01,https://www.linkedin.com/jobs/view/4418290217,2026-10-02
linkedin,Prévision des ventes,Head of Sales France & Belux H/F,Vacheron Constantin,"Paris, Île-de-France, France",2026-10-01,https://www.linkedin.com/jobs/view/4463885919,2026-10-02
linkedin,Prévision des ventes,Assistant(e) Commercial(e) F/H,Anne Caron le café de spécialité,"Orsay, Île-de-France, France",2026-10-01,https://www.linkedin.com/jobs/view/4474192002,2026-10-02
linkedin,Prévision des ventes,Conseillère/Conseiller en vente Cuisine,Leroy Merlin,"Vernouillet, Île-de-France, France",2026-10-01,https://www.linkedin.com/jobs/view/4472975238,2026-10-02
linkedin,Prévision des ventes,Consultant Senior Avant-Vente ServiceNow (F/H),Devoteam,"Levallois-Perret, Île-de-France, France",2026-10-01,https://www.linkedin.com/jobs/view/4357606715,2026-10-02
linkedin,Prévision des ventes,Sales Director (m/f/d),Anton Paar France,"Les Ulis, Île-de-France, France",2026-10-01,https://www.linkedin.com/jobs/view/4409917193,2026-10-02
linkedin,Demand Planner,Approvisionneur - H/F (CDI) Paris,WeFix,"Paris, Île-de-France, France",2026-10-01,https://www.linkedin.com/jobs/view/4474349315,2026-10-02
linkedin,Demand Planner,GESTIONNAIRE APPROVISIONNEMENTS (CDI) H/F,Talents ADV-Supply,"Lagny-sur-Marne, Île-de-France, France",2026-10-01,https://www.linkedin.com/jobs/view/4472841021,2026-10-02
linkedin,Demand Planner,INTERNSHIP - EU Demand Planning - January - (H/F),Danone,"Rueil-Malmaison, Île-de-France, France",2026-10-01,https://www.linkedin.com/jobs/view/4474358598,2026-10-02
linkedin,Demand Planner,Stage - Demand Planning H/F - Rueil Malmaison (92),The HEINEKEN Company,"Rueil, Île-de-France, France",2026-10-01,https://www.linkedin.com/jobs/view/4472576182,2026-10-02
linkedin,Demand Planner,Responsable pièces de rechange Europe,Carrier,"Rueil-Malmaison, Île-de-France, France",2026-10-01,https://www.linkedin.com/jobs/view/4472968305,2026-10-02
linkedin,Contrôleur de gestion retail,Contrôleur de gestion magasin (F/H),Castorama,"Chennevières, Île-de-France, France",2026-10-01,https://www.linkedin.com/jobs/view/4450340507,2026-10-02
linkedin,Contrôleur de gestion retail,CDD - Contrôleur de Gestion Junior - Horlogerie & Joaillerie Europe - H/F/X,CHANEL,"Paris, Île-de-France, France",2026-10-01,https://www.linkedin.com/jobs/view/4464534085,2026-10-02
linkedin,Contrôleur de gestion retail,Chef de département mode beauté F/H,Monoprix,"Paris, Île-de-France, France",2026-10-01,https://www.linkedin.com/jobs/view/4464123530,2026-10-02
indeed,Prévision des ventes,Stagiaire Data Analyst (LOB27-STA-03),Lobellia conseil,"Paris, A8, FR",2026-10-01,https://fr.indeed.com/viewjob?jk=9a64abff4ce52e88,2026-10-02
indeed,Prévision des ventes,Charge(e) d'affaire sédentaire,GESTRA,"Trappes, A8, FR",2026-10-01,https://fr.indeed.com/viewjob?jk=8356ed4b7abfcd56,2026-10-02
indeed,Prévision des ventes,Stage - Demand Planning H/F - Rueil Malmaison,The HEINEKEN Company,"Rueil-Malmaison, A8, FR",2026-10-01,https://fr.indeed.com/viewjob?jk=0d3d37597dad6f6d,2026-10-02
indeed,Prévision des ventes,Stage - Planning sales & opération execution F/H - Rueil Malmaison,The HEINEKEN Company,"Rueil-Malmaison, A8, FR",2026-10-01,https://fr.indeed.com/viewjob?jk=3ec0d6852c223522,2026-10-02
indeed,Prévision des ventes,Approvisionneur - H/F (CDI) Paris,WeFix,"Paris, A8, FR",2026-10-01,https://fr.indeed.com/viewjob?jk=20dab2c509e39bf6,2026-10-02
indeed,Prévision des ventes,Ordonnanceur H/F,Andros,"Auneau, CVL, FR",2026-10-01,https://fr.indeed.com/viewjob?jk=1a901aa906ea1187,2026-10-02
indeed,Prévision des ventes,Technico-Commercial(e) - Smart solutions- H/F,Comatelec Schréder,"Villepinte, A8, FR",2026-10-01,https://fr.indeed.com/viewjob?jk=4b6fd4ac1e227161,2026-10-02
indeed,Prévision des ventes,Stage : Planification Stratégique - Développement Produit Pièce de rechange,Stellantis,"Poissy, A8, FR",2026-10-01,https://fr.indeed.com/viewjob?jk=fcb435bc76d672dd,2026-10-02
indeed,Prévision des ventes,Assistant commercial H/F,HIPP FRANCE,"Paris 8e, A8, FR",2026-10-01,https://fr.indeed.com/viewjob?jk=8e2f9b93447cb93f,2026-10-02
indeed,Contrôleur de gestion retail,CDD – Contrôleur de Gestion E-commerce (H/F),Hermès,"Paris, A8, FR",2026-10-01,https://fr.indeed.com/viewjob?jk=de808fbca745d60f,2026-10-02
indeed,Contrôleur de gestion retail,CDI - Contrôleur de Gestion (Belgique) (F/H/X),Sephora,"Neuilly-sur-Seine, A8, FR",2026-10-01,https://fr.indeed.com/viewjob?jk=4d071c0eeb83dd3a,2026-10-02
hellowork,Contrôleur de gestion retail,Balenciaga - Worldwide Controlling Intern - December 2026 F - M H/F,Kering,Paris - 75,2026-10-01,https://www.hellowork.com/fr-fr/emplois/83960092.html,2026-10-02
linkedin,Demand Planner,"Manager, Procurement",AMETEK,"Gennevilliers, Île-de-France, France",2026-10-01,https://www.linkedin.com/jobs/view/4465339028,2026-10-01
linkedin,Demand Planner,Assistant(e) Supply Planner - H/F - Stage,Carte Noire,"Boulogne-Billancourt, Île-de-France, France",2026-10-01,https://www.linkedin.com/jobs/view/4472809574,2026-10-03
linkedin,Demand Planner,Stage - Assistant Business Analyst Demand Planning - Parfums Beauté EUROPE - Janvier 2027 - H/F/X,CHANEL,"Paris, Île-de-France, France",2026-10-01,https://www.linkedin.com/jobs/view/4436273754,2026-10-03
indeed,Prévision des ventes,Coordinateur COSC F/H,Tereos,"Moussy-le-Vieux, A8, FR",2026-10-01,https://fr.indeed.com/viewjob?jk=6e70d11809902833,2026-10-03
linkedin,Data Analyst Retail,Senior Marketing Data Analyst,Qonto,"Paris, Île-de-France, France",2026-10-01,https://www.linkedin.com/jobs/view/4474371973,2026-10-04
linkedin,Prévision des ventes,Assistant commercial en Assurances de personnes H/F,Gan Assurances,"Vernon, Normandy, France",2026-10-01,https://www.linkedin.com/jobs/view/4446361140,2026-10-04
linkedin,Demand Planner,"Stage Mondelēz (LU, Oreo, Milka...) – Stagiaire Supply Chain ATP (H/F/X) – 6 mois – Boulogne-Billancourt – Janvier 2027",Mondelēz International,"Boulogne-Billancourt, Île-de-France, France",2026-10-01,https://www.linkedin.com/jobs/view/4474361579,2026-10-04
linkedin,Contrôleur de gestion retail,"Cheffe, Chef de département mode beauté",Monoprix,"Paris, Île-de-France, France",2026-10-01,https://www.linkedin.com/jobs/view/4464117616,2026-10-04
linkedin,Contrôleur de gestion retail,Directeur / Directrice d’Univers « Bazar & Maison »,WINNING SEARCH,"Île-de-France, France",2026-10-01,https://www.linkedin.com/jobs/view/4472975596,2026-10-04
linkedin,Contrôleur de gestion retail,Senior Merchandising and Product Training Manager F/H,ICICLE,"Paris, Île-de-France, France",2026-10-01,https://www.linkedin.com/jobs/view/4472574091,2026-10-04
linkedin,Contrôleur de gestion retail,Directeur de Magasin - Distribution Spécialisée - Chartres (H/F),Talents Commerciaux,"Chartres, Centre-Val de Loire, France",2026-10-01,https://www.linkedin.com/jobs/view/4456416571,2026-10-04
linkedin,Prévision des ventes,VENDEUR CONSEIL - CDI H/F,Boulanger,"Thiais, Île-de-France, France",2026-10-01,https://www.linkedin.com/jobs/view/4474344458,2026-10-05
linkedin,Prévision des ventes,Clinical Sales Representative,Intuitive,"Paris, Île-de-France, France",2026-10-01,https://www.linkedin.com/jobs/view/4474181624,2026-10-05
linkedin,Prévision des ventes,Presales Solution Consultant Polarion (ALM) h/f,Siemens Digital Industries Software,"Châtillon, Île-de-France, France",2026-10-01,https://www.linkedin.com/jobs/view/4445740833,2026-10-05
linkedin,Demand Planner,Stage – Supply Chain & Production Planning (F/H),Adisseo,"Antony, Île-de-France, France",2026-10-01,https://www.linkedin.com/jobs/view/4474336796,2026-10-05
linkedin,Demand Planner,Coordinateur des Opérations ADV H/F,AQUANTIS  l Cabinet de recrutement,"Paris, Île-de-France, France",2026-10-01,https://www.linkedin.com/jobs/view/4472946300,2026-10-05
indeed,Prévision des ventes,Responsable boutique - Marché de noël,,"Puteaux, A8, FR",2026-09-30,https://fr.indeed.com/viewjob?jk=284ecc11d4c2e45d,2026-09-30
indeed,Prévision des ventes,Stage - Chargé(e) de Supply Chain chez GAYA (6 mois),GAYA,"Paris 10e, A8, FR",2026-09-30,https://fr.indeed.com/viewjob?jk=b7ecaca2645a02bc,2026-09-30
hellowork,Data Analyst Retail,CDI - Consultant Data Analyst - Luxe - Retail - Paris H/F,Cenova,Paris - 75,2026-09-30,https://www.hellowork.com/fr-fr/emplois/83907113.html,2026-09-30
hellowork,Demand Planner,Confirmed Product Analyst - Demand H/F,BlaBlaCar,Paris - 75,2026-09-30,https://www.hellowork.com/fr-fr/emplois/81896930.html,2026-09-30
hellowork,Prévision des ventes,Senior Account Executive - Saas Deeptech Grands Comptes Industrie H/F,Reeverse Systems,France,2026-09-30,https://www.hellowork.com/fr-fr/emplois/83928201.html,2026-09-30
hellowork,Prévision des ventes,Administrateur des Ventes . H/F,Randstad,Herblay-sur-Seine - 95,2026-09-30,https://www.hellowork.com/fr-fr/emplois/83919300.html,2026-09-30
hellowork,Prévision des ventes,Contrôleur de Gestion Rechanges & Première Monte- Wheels & Brakes H/F,Safran,Vélizy-Villacoublay - 78,2026-09-30,https://www.hellowork.com/fr-fr/emplois/83903235.html,2026-09-30
hellowork,Prévision des ventes,Ingenieur d'Affaires Grands Comptes - Saas Deeptech - Manufacturing & Industrie H/F,Reeverse Systems,France,2026-09-30,https://www.hellowork.com/fr-fr/emplois/83900508.html,2026-09-30
hellowork,Prévision des ventes,Data Analyst - Product Owner Data - Expérimenté H/F,Andema,Paris - 75,2026-09-30,https://www.hellowork.com/fr-fr/emplois/83899747.html,2026-09-30
hellowork,Contrôleur de gestion retail,Contrôleur de Gestion Senior - Senior Business Controller M H/F,Audika,Saint-Ouen-sur-Seine - 93,2026-09-30,https://www.hellowork.com/fr-fr/emplois/83900704.html,2026-09-30
linkedin,Contrôleur de gestion retail,Contrôleur de Gestion Business - H/F/X,showroomprive.com,"St.-Denis, Île-de-France, France",2026-09-30,https://www.linkedin.com/jobs/view/4458898415,2026-09-30
linkedin,Data Analyst Retail,"Data Analyst — Remote, France",SourcAI.net,"Paris, Île-de-France, France",2026-09-30,https://www.linkedin.com/jobs/view/4472116651,2026-09-30
linkedin,Demand Planner,Consultant(e) Supply Chain | Retail & Luxe F/H,CGI Business Consulting,"Paris, Île-de-France, France",2026-09-30,https://www.linkedin.com/jobs/view/4473589687,2026-09-30
linkedin,Demand Planner,Assortment Planning Specialist,Pandora,"Paris, Île-de-France, France",2026-09-30,https://www.linkedin.com/jobs/view/4463801031,2026-09-30
linkedin,Prévision des ventes,Senior Sales Operations Manager,Brevo,"Paris, Île-de-France, France",2026-09-30,https://www.linkedin.com/jobs/view/4472107383,2026-09-30
linkedin,Contrôleur de gestion retail,Junior Sales Finance Business Partner - M/F/X,Mars,"Paris, Île-de-France, France",2026-09-30,https://www.linkedin.com/jobs/view/4464612994,2026-09-30
linkedin,Demand Planner,Planificateur-rice de la Demande Expérimenté-e F/H,Safran,"Saclay, Île-de-France, France",2026-09-30,https://www.linkedin.com/jobs/view/4473736509,2026-09-30
linkedin,Demand Planner,Gestionnaire des moyens opérationnels H/F,Chronofresh,"Chilly-Mazarin, Île-de-France, France",2026-09-30,https://www.linkedin.com/jobs/view/4459956294,2026-09-30
linkedin,Demand Planner,Sales  Planning & Distribution,Nissan Motor Corporation,"Montigny-le-Bretonneux, Île-de-France, France",2026-09-30,https://www.linkedin.com/jobs/view/4473736044,2026-09-30
linkedin,Contrôleur de gestion retail,Contrôleur de Gestion Retail Sénior CDD - H/F,Maison Ladurée,"Paris, Île-de-France, France",2026-09-30,https://www.linkedin.com/jobs/view/4472145453,2026-09-30
linkedin,Contrôleur de gestion retail,Contrôleur financier (confirmé),Groupement Mousquetaires,"Bondoufle, Île-de-France, France",2026-09-30,https://www.linkedin.com/jobs/view/4460948624,2026-09-30
linkedin,Contrôleur de gestion retail,Responsable du Contrôle de Gestion Groupe H/F,Meilleurtaux,"Courbevoie, Île-de-France, France",2026-09-30,https://www.linkedin.com/jobs/view/4473742435,2026-09-30
linkedin,Demand Planner,Stage - Approvisionneur client GMS H/F - Rueil Malmaison (92),The HEINEKEN Company,"Rueil, Île-de-France, France",2026-09-30,https://www.linkedin.com/jobs/view/4472149385,2026-10-01
linkedin,Contrôleur de gestion retail,Purchasing Controller Europe (F/H),Alliance Automotive Group,"Paris, Île-de-France, France",2026-09-30,https://www.linkedin.com/jobs/view/4472134427,2026-10-01
linkedin,Contrôleur de gestion retail,"Directeur.rice Commercial.e, H/F – Food, Paris - CDI",RMS,"Paris, Île-de-France, France",2026-09-30,https://www.linkedin.com/jobs/view/4472148326,2026-10-01
indeed,Data Analyst Retail,BALENCIAGA - Intern E-business Performance Analyst - January 2027 (F/M),BALENCIAGA,"Paris, A8, FR",2026-09-30,https://fr.indeed.com/viewjob?jk=319ae68aa8549f2a,2026-10-01
indeed,Data Analyst Retail,HR Analyst,Skechers,"Paris, A8, FR",2026-09-30,https://fr.indeed.com/viewjob?jk=285e60442fd1181a,2026-10-01
indeed,Data Analyst Retail,STAGE - SupplyChain Analyst (H/F),EssilorLuxottica,"Créteil, A8, FR",2026-09-30,https://fr.indeed.com/viewjob?jk=5b05d634ceca86d3,2026-10-01
indeed,Prévision des ventes,Ingénieur Technico-Commercial Test & Mesure Région Ouest H/F,ROHDE & SCHWARZ GmbH & Co. KG,"Meudon, A8, FR",2026-09-30,https://fr.indeed.com/viewjob?jk=c31329a768ac6e0d,2026-10-01
indeed,Prévision des ventes,Directeur des ventes BtoB – La Base Lextenso+IA H/F ⊕,Lextenso,"La Défense, A8, FR",2026-09-30,https://fr.indeed.com/viewjob?jk=0dc2629850a94f46,2026-10-01
indeed,Prévision des ventes,Ingénieur Commercial Projets (H/F) – Massy,Réseau DEF,"Massy, A8, FR",2026-09-30,https://fr.indeed.com/viewjob?jk=fdd9e03ca0cd270a,2026-10-01
indeed,Prévision des ventes,Directeur adjoint /Directrice adjointe de magasin H/F mobilité 91,NaturéO,"Viry-Châtillon, A8, FR",2026-09-30,https://fr.indeed.com/viewjob?jk=043035f7b57ac101,2026-10-01
indeed,Prévision des ventes,Account Manager - Ingénieur Commercial (H/F),Epson,"Saint-Ouen, A8, FR",2026-09-30,https://fr.indeed.com/viewjob?jk=c81c648c3bab68a7,2026-10-01
indeed,Prévision des ventes,Responsable de Compte Local (LAM) Packaging – France St Denis (80055601),ArcelorMittal,"Saint-Denis, A8, FR",2026-09-30,https://fr.indeed.com/viewjob?jk=f1509a6e5e3222d8,2026-10-01
indeed,Contrôleur de gestion retail,Contrôleur de Gestion Industriel & Services (H/F),Vusion,"Nanterre, A8, FR",2026-09-30,https://fr.indeed.com/viewjob?jk=91c3b14ba24db609,2026-10-01
indeed,Contrôleur de gestion retail,Stage – Assistant Contrôleur de Gestion (F/H),Tiffany & Co.,"Paris, A8, FR",2026-09-30,https://fr.indeed.com/viewjob?jk=6841611795b57d97,2026-10-01
linkedin,Demand Planner,STAGE - Demand Planning Dairy - Janvier - (H/F),Danone,"Rueil-Malmaison, Île-de-France, France",2026-09-30,https://www.linkedin.com/jobs/view/4469151203,2026-09-21
linkedin,Prévision des ventes,Consultant Avant-Vente (H/F),MyUnisoft,"Montigny-le-Bretonneux, Île-de-France, France",2026-09-30,https://www.linkedin.com/jobs/view/4445203443,2026-09-01
linkedin,Data Analyst Retail,Purchasing Data Analyst Apprentice,OPmobility,"Levallois-Perret, Île-de-France, France",2026-09-30,https://www.linkedin.com/jobs/view/4472162445,2026-09-30
linkedin,Data Analyst Retail,HR Analyst,Skechers,"Paris, Île-de-France, France",2026-09-30,https://www.linkedin.com/jobs/view/4473792549,2026-10-01
linkedin,Data Analyst Retail,CONSULTANT FONCTIONNEL DATA / SAS / AMOA (H/F),GROUPE ALLIANCE,"Île-de-France, France",2026-09-30,https://www.linkedin.com/jobs/view/4473902559,2026-10-01
linkedin,Demand Planner,Supply Planner H/F,Laboratoire SVR,"Le Plessis-Pâté, Île-de-France, France",2026-09-30,https://www.linkedin.com/jobs/view/4472188789,2026-10-01
linkedin,Demand Planner,CDI - Distribution Planner (H/F),MAKE UP FOR EVER,"Levallois-Perret, Île-de-France, France",2026-09-30,https://www.linkedin.com/jobs/view/4473979495,2026-10-01
linkedin,Demand Planner,Stagiaire Planificateur / Approvisionneur (H/F),Alvadiem,"Boulogne-Billancourt, Île-de-France, France",2026-09-30,https://www.linkedin.com/jobs/view/4472309210,2026-10-01
linkedin,Contrôleur de gestion retail,Global Controlling Manager H/F,Lacoste,"Paris, Île-de-France, France",2026-09-30,https://www.linkedin.com/jobs/view/4473783441,2026-10-01
linkedin,Contrôleur de gestion retail,Controleur de gestion opérationnel H/F,Les Petits Chaperons Rouges,"St.-Ouen, Île-de-France, France",2026-09-30,https://www.linkedin.com/jobs/view/4472168967,2026-10-01
linkedin,Contrôleur de gestion retail,Finance Analyst,QSRP,"Montrouge, Île-de-France, France",2026-09-30,https://www.linkedin.com/jobs/view/4473753809,2026-10-01
linkedin,Contrôleur de gestion retail,CONTROLEUR DE GESTION- H/F,POMONA,"Antony, Île-de-France, France",2026-09-30,https://www.linkedin.com/jobs/view/4472322079,2026-10-01
linkedin,Contrôleur de gestion retail,Controleur de gestion Reporting H/F,Diptyque Paris,"Paris, Île-de-France, France",2026-09-30,https://www.linkedin.com/jobs/view/4473778603,2026-10-01
linkedin,Data Analyst Retail,Business Analyst Data Product [Luxe-Retail] (H/F),Adone Conseil,"Paris, Île-de-France, France",2026-09-30,https://www.linkedin.com/jobs/view/4472134824,2026-10-02
linkedin,Data Analyst Retail,DATA ANALYST SENIOR ASSURANCES – PILOTAGE DE LA PERFORMANCE,Groupe Macsf,"Paris, Île-de-France, France",2026-09-30,https://www.linkedin.com/jobs/view/4472147125,2026-10-02
linkedin,Data Analyst Retail,Consultant Data (Data Analyst / Data Steward / Data Qualiticien) - (F/H),NOAM By BearingPoint,"Fontenay-sous-Bois, Île-de-France, France",2026-09-30,https://www.linkedin.com/jobs/view/4473719350,2026-10-02
linkedin,Data Analyst Retail,BALENCIAGA - Intern E-business Performance Analyst - January 2027 (F/M),BALENCIAGA,"Paris, Île-de-France, France",2026-09-30,https://www.linkedin.com/jobs/view/4473795969,2026-10-02
linkedin,Prévision des ventes,Conseiller commercial en assurance,Allianz Aisne 3 Vallées Assurances,"Château-Thierry, Hauts-de-France, France",2026-09-30,https://www.linkedin.com/jobs/view/4473909063,2026-10-02
linkedin,Prévision des ventes,Technico-Commercial Interne H/F,Endress+Hauser Group,"Massy, Île-de-France, France",2026-09-30,https://www.linkedin.com/jobs/view/4473758809,2026-10-02
linkedin,Contrôleur de gestion retail,Southern Europe & France SRM and Business Planning Finance Manager H/F,Wella Company,"Paris, Île-de-France, France",2026-09-30,https://www.linkedin.com/jobs/view/4446355602,2026-10-02
linkedin,Contrôleur de gestion retail,Cost Controller (H/F/X),The Hoxton,"Paris, Île-de-France, France",2026-09-30,https://www.linkedin.com/jobs/view/4472617708,2026-10-02
indeed,Prévision des ventes,CDD Head of Business Analysis & Merchandising Transformation – Dior Homme,Christian Dior,"Paris, A8, FR",2026-09-30,https://fr.indeed.com/viewjob?jk=796693b9a232852d,2026-10-02
indeed,Contrôleur de gestion retail,BALENCIAGA - Worldwide Controlling intern - December 2026 (F/M),BALENCIAGA,"Paris, A8, FR",2026-09-30,https://fr.indeed.com/viewjob?jk=25744d4b43704f44,2026-10-02
linkedin,Demand Planner,Alternance – Assistant(e) Supply Chain (H/F),Galileo Global Education,"Paris, Île-de-France, France",2026-09-30,https://www.linkedin.com/jobs/view/4473512496,2026-09-30
linkedin,Demand Planner,Assistant(e) Sales Operation Planner - Stage,Puig,"Paris, Île-de-France, France",2026-09-30,https://www.linkedin.com/jobs/view/4472197127,2026-10-03
linkedin,Data Analyst Retail,Senior Business Data Analyst - Digital Purchases,NielsenIQ,"Paris, Île-de-France, France",2026-09-30,https://www.linkedin.com/jobs/view/4445734202,2026-10-04
linkedin,Data Analyst Retail,Consultant(e) confirmé(e),Vusion,"Paris, Île-de-France, France",2026-09-30,https://www.linkedin.com/jobs/view/4472318624,2026-10-04
linkedin,Demand Planner,STAGE - ASSISTANT.E SUPPLY & DISTRIBUTION PLANNER READY-TO-WEAR (F/H/X) - FEVRIER 2026,CELINE,"Paris, Île-de-France, France",2026-09-30,https://www.linkedin.com/jobs/view/4473971614,2026-10-04
linkedin,Demand Planner,CHEF D'EQUIPE GESTION DES STOCKS (F/H),Cdiscount,"Réau, Île-de-France, France",2026-09-30,https://www.linkedin.com/jobs/view/4437419867,2026-10-04
linkedin,Demand Planner,STAGE - Assistant Chargé d'Approvisionnements (H/F) Oct 2026,Isotoner France,"Neuilly-sur-Seine, Île-de-France, France",2026-09-30,https://www.linkedin.com/jobs/view/4472316269,2026-10-04
linkedin,Contrôleur de gestion retail,Retail Operations Coordinator,GoodNews,"Paris, Île-de-France, France",2026-09-30,https://www.linkedin.com/jobs/view/4472349030,2026-10-04
indeed,Demand Planner,Supply Planner (H/F/X),Bel Group,"Suresnes, A8, FR",2026-09-30,https://fr.indeed.com/viewjob?jk=ea6c9e825ca9f5dc,2026-10-04
indeed,Prévision des ventes,Business Developer H/F,Aktionnaire,"Paris, A8, FR",2026-09-29,https://fr.indeed.com/viewjob?jk=33adc35de49e6156,2026-09-29
hellowork,Data Analyst Retail,Stage - Développement d'Un Jumeau Numérique de Batterie par Machine Learning pour Réduire les Essais H/F,PSA Retail France SAS,Carrières-sous-Poissy - 78,2026-09-29,https://www.hellowork.com/fr-fr/emplois/83876956.html,2026-09-29
hellowork,Demand Planner,Stage - Assistant Prévision des Ventes H/F,LDC Groupe,Rungis - 94,2026-09-29,https://www.hellowork.com/fr-fr/emplois/83862191.html,2026-09-29
hellowork,Prévision des ventes,Responsable Commercial OEM - Var H/F,MacAnders,Paris 1er - 75,2026-09-29,https://www.hellowork.com/fr-fr/emplois/83877463.html,2026-09-29
hellowork,Prévision des ventes,Sales Area Manager - Maison Margiela Paris Fr H/F,OTB,Paris - 75,2026-09-29,https://www.hellowork.com/fr-fr/emplois/83874725.html,2026-09-29
hellowork,Prévision des ventes,Alternance Gestionnaire Produits - Paris H/F,ISCOD,Paris 8e - 75,2026-09-29,https://www.hellowork.com/fr-fr/emplois/81882312.html,2026-09-29
hellowork,Prévision des ventes,Vendeur - Acheteur en Fruits Exotiques H/F,,Rungis - 94,2026-09-29,https://www.hellowork.com/fr-fr/emplois/81845020.html,2026-09-29
hellowork,Prévision des ventes,Commercial Agroalimentaire H/F,OMER-DECUGIS & CIE,Rungis - 94,2026-09-29,https://www.hellowork.com/fr-fr/emplois/81845034.html,2026-09-29
hellowork,Prévision des ventes,Responsable Grands Comptes H/F,LHH Recruitment Solutions,Courbevoie - 92,2026-09-29,https://www.hellowork.com/fr-fr/emplois/81838526.html,2026-09-29
hellowork,Prévision des ventes,Chargé d'Approvisionnement - Stage H/F,QUITOQUE,Paris - 75,2026-09-29,https://www.hellowork.com/fr-fr/emplois/83862391.html,2026-09-29
hellowork,Prévision des ventes,Responsable Approvisionnement - Procurement H/F,Les Colettes,Asnières-sur-Seine - 92,2026-09-29,https://www.hellowork.com/fr-fr/emplois/83855428.html,2026-09-29
hellowork,Prévision des ventes,Responsable Boutique H/F,Pierre Hermé Paris,Paris - 75,2026-09-29,https://www.hellowork.com/fr-fr/emplois/83853621.html,2026-09-29
hellowork,Contrôleur de gestion retail,Contrôleur de Gestion Senior Alimentaire H/F,Keyman,Paris - 75,2026-09-29,https://www.hellowork.com/fr-fr/emplois/71664462.html,2026-09-29
linkedin,Data Analyst Retail,Responsable performance opérationnelle Drive F/H,Coopérative U,"Rungis, Île-de-France, France",2026-09-29,https://www.linkedin.com/jobs/view/4469212049,2026-09-19
linkedin,Contrôleur de gestion retail,Store Manager H/F - Ray-Ban rue de Rivoli,Ray-Ban,"Paris, Île-de-France, France",2026-09-29,https://www.linkedin.com/jobs/view/4459914784,2026-09-02
linkedin,Data Analyst Retail,Assistant Data Analyst & Performance Qualité H/F - STAGE MARS 2027,Christian Dior Couture,"Paris, Île-de-France, France",2026-09-29,https://www.linkedin.com/jobs/view/4455235102,2026-09-07
linkedin,Prévision des ventes,Ingénieur(e) des Ventes Airside F/H,Trane Technologies,"Cesson, Île-de-France, France",2026-09-29,https://www.linkedin.com/jobs/view/4454271528,2026-09-08
linkedin,Data Analyst Retail,"ANALYST, PERFORMANCE MANAGEMENT – BI & ANALYTICS (H/F)",Unibail-Rodamco-Westfield,"Paris, Île-de-France, France",2026-09-29,https://www.linkedin.com/jobs/view/4473201708,2026-09-29
linkedin,Data Analyst Retail,DataViz Engineer Senior F/H,Fnac Darty,"Ivry-sur-Seine, Île-de-France, France",2026-09-29,https://www.linkedin.com/jobs/view/4464328218,2026-09-29
linkedin,Data Analyst Retail,Business et Data Analyst Performance Commerciale H/F,Mobilize Financial Services,"Fontenay-sous-Bois, Île-de-France, France",2026-09-29,https://www.linkedin.com/jobs/view/4473207059,2026-09-29
linkedin,Demand Planner,Consultant - Analytics Engineer,Leonar,"Paris, Île-de-France, France",2026-09-29,https://www.linkedin.com/jobs/view/4473212257,2026-09-29
linkedin,Prévision des ventes,concepteur-Vendeur F/H de Cuisines,CUISINES CENTER,"Rueil-Malmaison, Île-de-France, France",2026-09-29,https://www.linkedin.com/jobs/view/4473206309,2026-09-29
linkedin,Prévision des ventes,Vendeur - Concepteur de cuisines F/H,SoCoo'c (Sté FOURNIER),"Bonneuil-sur-Marne, Île-de-France, France",2026-09-29,https://www.linkedin.com/jobs/view/4471712448,2026-09-29
linkedin,Prévision des ventes,Concepteur/vendeur,Concepteur Vendeur,"Paris, Île-de-France, France",2026-09-29,https://www.linkedin.com/jobs/view/4471704736,2026-09-29
linkedin,Contrôleur de gestion retail,Contrôleur Financier et de Gestion (F/H),Tootbus,"Paris, Île-de-France, France",2026-09-29,https://www.linkedin.com/jobs/view/4471278774,2026-09-29
linkedin,Data Analyst Retail,Marketing measurement expert (N/F/H),leboncoin,"Paris, Île-de-France, France",2026-09-29,https://www.linkedin.com/jobs/view/4428121494,2026-09-30
linkedin,Data Analyst Retail,CDI - Chef de Projet Catalogue Make Up H/F/X,Groupe Clarins,"Paris, Île-de-France, France",2026-09-29,https://www.linkedin.com/jobs/view/4473220837,2026-09-30
linkedin,Prévision des ventes,Head of Sales - PME Ambitieuse - IA Addict (F/H),Rocket4Sales,"Boulogne-Billancourt, Île-de-France, France",2026-09-29,https://www.linkedin.com/jobs/view/4471279747,2026-09-30
linkedin,Prévision des ventes,Ingénieur Technico-Commercial en solutions thermiques industrielles (F/H),S&you France,"Clichy, Île-de-France, France",2026-09-29,https://www.linkedin.com/jobs/view/4471289468,2026-09-30
linkedin,Contrôleur de gestion retail,Contrôleur de gestion Senior H/F / (Senior) Business Controller M/F,AUDIKA,"St.-Ouen, Île-de-France, France",2026-09-29,https://www.linkedin.com/jobs/view/4473226619,2026-09-30
indeed,Data Analyst Retail,Consultant(e) Product Data / IA | Retail & Luxe F/H,CGI,"Paris, A8, FR",2026-09-29,https://fr.indeed.com/viewjob?jk=373a861bf3155357,2026-09-30
indeed,Data Analyst Retail,"ANALYST, PERFORMANCE MANAGEMENT – BI & ANALYTICS (H/F)",Unibail-Rodamco-Westfield,"Paris, A8, FR",2026-09-29,https://fr.indeed.com/viewjob?jk=79c87fe0ef5840e4,2026-09-30
indeed,Prévision des ventes,Juriste Immobilier - Adoma (75) H/F,Cdc Habitat,"Paris, A8, FR",2026-09-29,https://fr.indeed.com/viewjob?jk=812881af774ae655,2026-09-30
indeed,Prévision des ventes,CATEGORY MANAGER CABLE ET CHEMINEMENT H/F - BOULOGNE-BILLANCOURT (92),Sonepar,"Boulogne-Billancourt, A8, FR",2026-09-29,https://fr.indeed.com/viewjob?jk=7bb4a151c580a031,2026-09-30
indeed,Prévision des ventes,Comptable Clients Senior (F/H),Mobsuccess,"Paris, A8, FR",2026-09-29,https://fr.indeed.com/viewjob?jk=9a6f1fb0f499b6e2,2026-09-30
indeed,Prévision des ventes,COMMERCIAL/ADV - H/F.,CARE,"Bobigny, A8, FR",2026-09-29,https://fr.indeed.com/viewjob?jk=d69e6dfe10e6dedf,2026-09-30
indeed,Prévision des ventes,Coordinateur Appels d’Offres SAV H/F,Daimler Truck,"Sarcelles, A8, FR",2026-09-29,https://fr.indeed.com/viewjob?jk=b93cc2cdef60055c,2026-09-30
indeed,Prévision des ventes,Stage Ingénieur pour modéliser l'économie des réseaux FTTH au sein d'OWF (F/H) F/H,Orange,"Issy-les-Moulineaux, A8, FR",2026-09-29,https://fr.indeed.com/viewjob?jk=faa1918db8cd7d8c,2026-09-30
indeed,Contrôleur de gestion retail,Contrôleur de gestion Senior H/F / (Senior) Business...,Audika,"Saint-Ouen, A8, FR",2026-09-29,https://fr.indeed.com/viewjob?jk=2d681b5407f9e36a,2026-09-30
linkedin,Contrôleur de gestion retail,RESPONSABLE CONTROLE DE GESTION - CDI (F/H),BMW Group,"Montigny-le-Bretonneux, Île-de-France, France",2026-09-29,https://www.linkedin.com/jobs/view/4472032146,2026-09-28
linkedin,Data Analyst Retail,Consultant Data Analytics - H/F,Onepoint,"Paris, Île-de-France, France",2026-09-29,https://www.linkedin.com/jobs/view/4353510246,2026-09-09
linkedin,Contrôleur de gestion retail,Contrôleur de gestion/Contrôleuse de gestion,Robert Half,"Levallois-Perret, Île-de-France, France",2026-09-29,https://www.linkedin.com/jobs/view/4471267111,2026-09-29
linkedin,Contrôleur de gestion retail,Retail Regional Manager - France (South),Dr. Martens plc,"Paris, Île-de-France, France",2026-09-29,https://www.linkedin.com/jobs/view/4445425403,2026-09-29
linkedin,Demand Planner,Analytic Consultant - Equipe OSA (on shelf availability),NielsenIQ,"Bezons, Île-de-France, France",2026-09-29,https://www.linkedin.com/jobs/view/4463241838,2026-09-30
linkedin,Contrôleur de gestion retail,Contrôleur de gestion retail et digital F/H,celio,"St.-Ouen, Île-de-France, France",2026-09-29,https://www.linkedin.com/jobs/view/4473234812,2026-09-30
linkedin,Data Analyst Retail,Home Delivery Performance Manager,QSRP,"Montrouge, Île-de-France, France",2026-09-29,https://www.linkedin.com/jobs/view/4455277748,2026-09-30
linkedin,Data Analyst Retail,Consultant(e) Product Data / IA | Retail & Luxe F/H,CGI Business Consulting,"Paris, Île-de-France, France",2026-09-29,https://www.linkedin.com/jobs/view/4473542323,2026-09-30
linkedin,Data Analyst Retail,Business Analyst / Field Data Lead (H/F),Otis Elevator Co.,"Nanterre, Île-de-France, France",2026-09-29,https://www.linkedin.com/jobs/view/4471595751,2026-09-30
linkedin,Data Analyst Retail,Apprentice Marketing Analyst W/M,Valeo,"St.-Denis, Île-de-France, France",2026-09-29,https://www.linkedin.com/jobs/view/4473277896,2026-09-30
linkedin,Data Analyst Retail,Data Analyst (F/H/X),Verisure,"Antony, Île-de-France, France",2026-09-29,https://www.linkedin.com/jobs/view/4471787030,2026-09-30
linkedin,Contrôleur de gestion retail,SENIOR COLLECTION MERCHANDISING PAP  - CDD,Chloé,"Paris, Île-de-France, France",2026-09-29,https://www.linkedin.com/jobs/view/4462972984,2026-09-30
linkedin,Prévision des ventes,VENDEUR CONSEIL JUNIOR AGENCE H/F,LITT DIFFUSION SAS,"Le Kremlin-Bicêtre, Île-de-France, France",2026-09-29,https://www.linkedin.com/jobs/view/4471742816,2026-09-30
linkedin,Prévision des ventes,Vendeur-Concepteur SoCoo'c F/H,SoCoo'c (Sté FOURNIER),"Croissy-sur-Seine, Île-de-France, France",2026-09-29,https://www.linkedin.com/jobs/view/4471747628,2026-09-30
linkedin,Prévision des ventes,VP Sales (Global),Photoroom,"Paris, Île-de-France, France",2026-09-29,https://www.linkedin.com/jobs/view/4473528622,2026-09-30
linkedin,Prévision des ventes,Regional Sales Director,Zearch,"Paris, Île-de-France, France",2026-09-29,https://www.linkedin.com/jobs/view/4471943079,2026-09-30
linkedin,Demand Planner,Chargé d'ADV et Planification de production (H/F),Talents ADV-Supply,"Bois-Colombes, Île-de-France, France",2026-09-29,https://www.linkedin.com/jobs/view/4471912905,2026-09-30
linkedin,Contrôleur de gestion retail,CDI - Contrôleur(se) de Gestion Achats & Supply Chain - Parfums Beauté - H/F/X,CHANEL,"Neuilly-sur-Seine, Île-de-France, France",2026-09-29,https://www.linkedin.com/jobs/view/4471955141,2026-09-30
linkedin,Contrôleur de gestion retail,CDI - Contrôleur de gestion H/F,Hermès,"Bobigny, Île-de-France, France",2026-09-29,https://www.linkedin.com/jobs/view/4445404110,2026-09-30
linkedin,Contrôleur de gestion retail,Senior Business Controller,Polène Paris,"Paris, Île-de-France, France",2026-09-29,https://www.linkedin.com/jobs/view/4464491749,2026-09-30
linkedin,Contrôleur de gestion retail,Contrôleur de Gestion Senior H/F,Polène Paris,"Paris, Île-de-France, France",2026-09-29,https://www.linkedin.com/jobs/view/4464608625,2026-09-30
linkedin,Contrôleur de gestion retail,Finance Analyst,Coty,"Paris, Île-de-France, France",2026-09-29,https://www.linkedin.com/jobs/view/4462973278,2026-09-30
linkedin,Contrôleur de gestion retail,Directeur (trice) de magasin opticien H/F,KRYS GROUP,"Maurepas, Île-de-France, France",2026-09-29,https://www.linkedin.com/jobs/view/4473273555,2026-09-30
linkedin,Contrôleur de gestion retail,Manager de rayon PGC (F/H) - Supermarché,Carrefour,"Le Pré-St.-Gervais, Île-de-France, France",2026-09-29,https://www.linkedin.com/jobs/view/4471739989,2026-09-30
linkedin,Prévision des ventes,CONTROLEUR DE GESTION COMMERCIAL - H/F,STERIMED Infection Control,"Boulogne-Billancourt, Île-de-France, France",2026-09-29,https://www.linkedin.com/jobs/view/4471755628,2026-09-30
linkedin,Data Analyst Retail,AP26 - BAC+4/5 - DATA ANALYST CRM & BUSINESS INTELLIGENCE (H/F),Mobilize Financial Services,"Guyancourt, Île-de-France, France",2026-09-29,https://www.linkedin.com/jobs/view/4473200987,2026-10-01
linkedin,Data Analyst Retail,STAGE - ASSISTANT(E) BUSINESS ANALYST RETAIL FRANCE Janvier 2027,Parfums Christian Dior,"Neuilly-sur-Seine, Île-de-France, France",2026-09-29,https://www.linkedin.com/jobs/view/4464355693,2026-10-01
linkedin,Demand Planner,Regional Demand & Supply Planner,Moët Hennessy,"Paris, Île-de-France, France",2026-09-29,https://www.linkedin.com/jobs/view/4463501767,2026-10-01
linkedin,Prévision des ventes,Revenue Enablement & Market Intelligence Manager,Alma,"Paris, Île-de-France, France",2026-09-29,https://www.linkedin.com/jobs/view/4441462624,2026-10-01
linkedin,Prévision des ventes,Ingénieur Commercial Services en Systèmes de Sécurité Incendie (H/F) - IDF,Réseau DEF,"Bussy-Saint-Martin, Île-de-France, France",2026-09-29,https://www.linkedin.com/jobs/view/4473520266,2026-10-01
linkedin,Prévision des ventes,Sales Operations Lead,YesWeHack,"Paris, Île-de-France, France",2026-09-29,https://www.linkedin.com/jobs/view/4464886722,2026-10-01
linkedin,Demand Planner,Approvisionneur - H/F,POMMIER,"Beauchamp, Île-de-France, France",2026-09-29,https://www.linkedin.com/jobs/view/4471721135,2026-10-01
linkedin,Demand Planner,Assistant.e chargé.e d'approvisionnement clearance - stage janvier 2027,Groupe ETAM,"Clichy, Île-de-France, France",2026-09-29,https://www.linkedin.com/jobs/view/4471516130,2026-10-01
linkedin,Demand Planner,Chef de Projets Supply Chain H/F,Air Liquide Healthcare,"Bagneux, Île-de-France, France",2026-09-29,https://www.linkedin.com/jobs/view/4473250122,2026-10-01
linkedin,Contrôleur de gestion retail,Responsable Merchandising Horlogerie,Sintel Recrutement,"Paris, Île-de-France, France",2026-09-29,https://www.linkedin.com/jobs/view/4471597486,2026-10-01
linkedin,Demand Planner,CDI - Assistant Planning F/H,"GROUPE BON MARCHÉ : Le Bon Marché Rive Gauche, La Grande Epicerie de Paris et la Samaritaine","Paris, Île-de-France, France",2026-09-29,https://www.linkedin.com/jobs/view/4454226524,2026-10-01
indeed,Prévision des ventes,Stage - Assistant Customer Service Wholesale (H/F),Ralph Lauren,"Paris, A8, FR",2026-09-29,https://fr.indeed.com/viewjob?jk=77d3e23f4a5e82f7,2026-10-01
linkedin,Contrôleur de gestion retail,Responsable Commerce - Paris Sud F/H,Auchan Retail,"Massy, Île-de-France, France",2026-09-29,https://www.linkedin.com/jobs/view/4471776206,2026-09-30
linkedin,Contrôleur de gestion retail,Contrôleur de gestion H/F,Comexposium,"Paris, Île-de-France, France",2026-09-29,https://www.linkedin.com/jobs/view/4471766553,2026-09-30
linkedin,Prévision des ventes,[CDI] L’office de tourisme Beauvais et Beauvaisis recherche son ou sa futur(e) Chargé(e) de Commercialisation Bilingue,Visit Beauvais,"Beauvais, Hauts-de-France, France",2026-09-29,https://www.linkedin.com/jobs/view/4471743287,2026-10-02
linkedin,Prévision des ventes,Ingénieur Technico-Commercial / Commercial Itinérant H/F - Pro'Fil,Saint-Gobain,"Meaux, Île-de-France, France",2026-09-29,https://www.linkedin.com/jobs/view/4471744232,2026-10-02
linkedin,Prévision des ventes,Contrôleur de gestion commercial,STERIMED Infection Control,"Boulogne-Billancourt, Île-de-France, France",2026-09-29,https://www.linkedin.com/jobs/view/4471900392,2026-10-02
linkedin,Prévision des ventes,Technico-Commercial (m/f/d) Paris / Île-de-France,optimed,"Paris, Île-de-France, France",2026-09-29,https://www.linkedin.com/jobs/view/4471289246,2026-10-02
linkedin,Prévision des ventes,Conseiller-ère Vente Omnicanal (H/F) CHASSE / PECHE CDI 35H,DECATHLON FRANCE,"Gisors, Normandy, France",2026-09-29,https://www.linkedin.com/jobs/view/4471906754,2026-10-02
linkedin,Demand Planner,Clinical Supply Chain Manager,IQVIA,"Paris, Île-de-France, France",2026-09-29,https://www.linkedin.com/jobs/view/4471921650,2026-10-02
linkedin,Demand Planner,CDI – Responsable Supply Chain Activité Mesure Prêt-à-Porter Homme (h/f),Hermès,"Pantin, Île-de-France, France",2026-09-29,https://www.linkedin.com/jobs/view/4427481930,2026-10-02
linkedin,Contrôleur de gestion retail,Manager Commerce F/H,Auchan Retail,"Massy, Île-de-France, France",2026-09-29,https://www.linkedin.com/jobs/view/4471773299,2026-10-02
hellowork,Demand Planner,Prévisionniste des Ventes - Demand Planner H/F,EXTEND CONSULTING,Paris - 75,2026-09-28,https://www.hellowork.com/fr-fr/emplois/83840356.html,2026-09-28
hellowork,Prévision des ventes,Technico-Commercial Paris Nord H/F,Actual Talent,Paris 1er - 75,2026-09-28,https://www.hellowork.com/fr-fr/emplois/83844666.html,2026-09-28
hellowork,Prévision des ventes,Gestionnaire de Flux de Matériel de Soutien H/F,Novae,Guyancourt - 78,2026-09-28,https://www.hellowork.com/fr-fr/emplois/82793433.html,2026-09-28
hellowork,Prévision des ventes,Sales Manager France H/F,Locala,Paris 9e - 75,2026-09-28,https://www.hellowork.com/fr-fr/emplois/81815685.html,2026-09-28
hellowork,Prévision des ventes,Contrôleur de Gestion Junior H/F,Pret A Manger,Paris 8e - 75,2026-09-28,https://www.hellowork.com/fr-fr/emplois/77338143.html,2026-09-28
hellowork,Demand Planner,Gestionnaire Comptes Clients - Anglais Bilingue H/F,Skills Paris,Paris 16e - 75,2026-09-28,https://www.hellowork.com/fr-fr/emplois/83836124.html,2026-09-28
linkedin,Data Analyst Retail,Senior Data Analyst - Application Mobile E-commerce (f/m/d),Decathlon Digital,"Paris, Île-de-France, France",2026-09-28,https://www.linkedin.com/jobs/view/4469440174,2026-09-23
linkedin,Contrôleur de gestion retail,Gestionnaire Flux Aval (H/F),Caroll,"Paris, Île-de-France, France",2026-09-28,https://www.linkedin.com/jobs/view/4466326086,2026-09-12
linkedin,Data Analyst Retail,Consultant Data Qlik  (F/H),Aubay,"Paris, Île-de-France, France",2026-09-28,https://www.linkedin.com/jobs/view/4433913793,2026-09-02
linkedin,Prévision des ventes,Spécialiste commercial,HABIT'AVENIR FR,"Vigneux-sur-Seine, Île-de-France, France",2026-09-28,https://www.linkedin.com/jobs/view/4399883195,2026-09-28
linkedin,Prévision des ventes,Ingénieur Avant-Vente / Solution Designer (F/H),Experis France,"Puteaux, Île-de-France, France",2026-09-28,https://www.linkedin.com/jobs/view/4470850204,2026-09-28
linkedin,Prévision des ventes,Ingénieur Presales Senior,Experis France,"Puteaux, Île-de-France, France",2026-09-28,https://www.linkedin.com/jobs/view/4470853112,2026-09-28
linkedin,Prévision des ventes,Concepteur Vendeur Cuisine,Darty,"Paris, Île-de-France, France",2026-09-28,https://www.linkedin.com/jobs/view/4422904877,2026-09-28
linkedin,Prévision des ventes,Commercial - Concepteur de cuisines F/H,SoCoo'c (Sté FOURNIER),"Osny, Île-de-France, France",2026-09-28,https://www.linkedin.com/jobs/view/4470856596,2026-09-28
linkedin,Prévision des ventes,Consultant Avant-vente (Field Service Agentforce),Salesforce,"Paris, Île-de-France, France",2026-09-28,https://www.linkedin.com/jobs/view/4436736224,2026-09-28
linkedin,Prévision des ventes,Avant-vente - Business Dev S/4HANA System Integration,EY,,2026-09-28,https://www.linkedin.com/jobs/view/4433110440,2026-09-28
linkedin,Demand Planner,Responsable supply chain - Gestion des flux,TerX,"Voisins-le-Bretonneux, Île-de-France, France",2026-09-28,https://www.linkedin.com/jobs/view/4472472778,2026-09-28
linkedin,Demand Planner,Stage Data Analyst Supply Chain Paris F/H,ETYO,"Paris, Île-de-France, France",2026-09-28,https://www.linkedin.com/jobs/view/4471349087,2026-09-28
linkedin,Demand Planner,STAGE- Assistant(e) Approvisionnement Retail H/F,maje,"Paris, Île-de-France, France",2026-09-28,https://www.linkedin.com/jobs/view/4472701454,2026-09-28
linkedin,Contrôleur de gestion retail,Contrôleur de gestion international senior - FHX,Yoplait,"Boulogne-Billancourt, Île-de-France, France",2026-09-28,https://www.linkedin.com/jobs/view/4470836930,2026-09-28
linkedin,Contrôleur de gestion retail,Contrôleur(euse) de gestion confirmé(e) (H/F),Kea & Partners,"Malakoff, Île-de-France, France",2026-09-28,https://www.linkedin.com/jobs/view/4460950498,2026-09-28
linkedin,Contrôleur de gestion retail,Contrôleur de gestion (F/H),CAWL,"Courbevoie, Île-de-France, France",2026-09-28,https://www.linkedin.com/jobs/view/4472496302,2026-09-28
linkedin,Contrôleur de gestion retail,Directeur Adjoint de Magasin (H/F),LA HALLE,"Buchelay, Île-de-France, France",2026-09-28,https://www.linkedin.com/jobs/view/4471610448,2026-09-28
linkedin,Data Analyst Retail,Business Insight Manager H/F CDI Paris (75),Lactalis Group,"Paris, Île-de-France, France",2026-09-28,https://www.linkedin.com/jobs/view/4471359043,2026-09-29
linkedin,Data Analyst Retail,Senior BI & Data Engineer,SIPLEC - E.LECLERC,"Ivry-sur-Seine, Île-de-France, France",2026-09-28,https://www.linkedin.com/jobs/view/4471344269,2026-09-29
linkedin,Contrôleur de gestion retail,Stage - Assistant(e) Contrôle de Gestion,courrèges,"Paris, Île-de-France, France",2026-09-28,https://www.linkedin.com/jobs/view/4472701918,2026-09-29
linkedin,Contrôleur de gestion retail,Responsable adjoint(e)  CDD (F/H),Lacoste,"Les Clayes-sous-Bois, Île-de-France, France",2026-09-28,https://www.linkedin.com/jobs/view/4472490788,2026-09-29
indeed,Data Analyst Retail,Business Analyste Expert Métier & Process Mining – Celonis / Processus Bancaires Retail,Kéoni Consulting,"Paris, A8, FR",2026-09-28,https://fr.indeed.com/viewjob?jk=92a0f9825bd85fee,2026-09-29
indeed,Data Analyst Retail,Consultant Métier / Business Analyst (IT) / Freelance,BIFORA,"Paris, A8, FR",2026-09-28,https://fr.indeed.com/viewjob?jk=4d3f5e3228301820,2026-09-29
indeed,Prévision des ventes,Late-Founder / COO – Revenue & Operations Europe,Licorne Society,"Paris, A8, FR",2026-09-28,https://fr.indeed.com/viewjob?jk=ac3fbfce11477cd3,2026-09-29
indeed,Prévision des ventes,Finance Business Partner H/F,MANUTAN,"Gonesse, A8, FR",2026-09-28,https://fr.indeed.com/viewjob?jk=c7f84c061939548c,2026-09-29
indeed,Prévision des ventes,Contrôleur de gestion chantier - Génie Civil - CDI F/H,Eiffage,"Rosny-sous-Bois, A8, FR",2026-09-28,https://fr.indeed.com/viewjob?jk=d459d03f51e49b4f,2026-09-29
indeed,Prévision des ventes,Analyste Marché et Concurrence F/H,Thales,"Vélizy-Villacoublay, A8, FR",2026-09-28,https://fr.indeed.com/viewjob?jk=efba91dd10c3c97d,2026-09-29
indeed,Prévision des ventes,FP&A Manager - H/F/X - Groupe Rocher,Groupe Rocher,"Issy-les-Moulineaux, A8, FR",2026-09-28,https://fr.indeed.com/viewjob?jk=e3f1d6b2310887f6,2026-09-29
indeed,Prévision des ventes,APPROVISIONNEUR H/F,PHErecrute,"Le Blanc-Mesnil, A8, FR",2026-09-28,https://fr.indeed.com/viewjob?jk=a024ebfa9d74e881,2026-09-29
indeed,Prévision des ventes,MANAGER APPROVISIONNEMENT H/F,PHErecrute,"Arcueil, A8, FR",2026-09-28,https://fr.indeed.com/viewjob?jk=e01dee19e7c6f5fe,2026-09-29
indeed,Prévision des ventes,Acheteur Approvisionneur Industriel H/F,FLUIGENT,"Le Kremlin-Bicêtre, A8, FR",2026-09-28,https://fr.indeed.com/viewjob?jk=07cd9aeeaa56e669,2026-09-29
indeed,Prévision des ventes,Contrôleur de gestion chantier - Rail - CDI F/H,Eiffage,"Gennevilliers, A8, FR",2026-09-28,https://fr.indeed.com/viewjob?jk=cb86859d99bbc565,2026-09-29
indeed,Prévision des ventes,Business Developer Grands Comptes – Sponsoring & Événementiel B2B F/H,NETMEDIA GROUP,"Boulogne-Billancourt, A8, FR",2026-09-28,https://fr.indeed.com/viewjob?jk=c013309f80ac6313,2026-09-29
indeed,Prévision des ventes,CDI - HR Business Partner Direction Administrative & Financière H/F,Naval Group,"Paris, A8, FR",2026-09-28,https://fr.indeed.com/viewjob?jk=3da5721d81c9b31d,2026-09-29
indeed,Demand Planner,Demand Planner F/H,Essity,"Paris, A8, FR",2026-09-28,https://fr.indeed.com/viewjob?jk=0fb3e7d61b94c53c,2026-09-29
indeed,Prévision des ventes,Coordinateur(rice) commercial(e) - Export H/F,LABORATOIRE NUXE,"Boulogne-Billancourt, A8, FR",2026-09-28,https://fr.indeed.com/viewjob?jk=77c14500ea932b41,2026-09-29
indeed,Prévision des ventes,Responsable Grands Comptes H/F,NICE FRANCE,"Paris, A8, FR",2026-09-28,https://fr.indeed.com/viewjob?jk=9105767fd0fb33e8,2026-09-29
indeed,Prévision des ventes,Directeur Commercial Natural Resources H/F,SGS,"Arcueil, A8, FR",2026-09-28,https://fr.indeed.com/viewjob?jk=21890a4b66771906,2026-09-29
indeed,Contrôleur de gestion retail,Contrôleur de Gestion H/F,Jems Group,"Levallois-Perret, A8, FR",2026-09-28,https://fr.indeed.com/viewjob?jk=5bf2aed236ec411f,2026-09-29
linkedin,Contrôleur de gestion retail,Manager de Rayon PGC (F/H) - Hypermarché,Carrefour,"Montesson, Île-de-France, France",2026-09-28,https://www.linkedin.com/jobs/view/4466255493,2026-09-20
linkedin,Demand Planner,Stage – Assistant.e Merchandising Strategy Analyst (F/H) – Janvier 2027,Louis Vuitton,"Paris, Île-de-France, France",2026-09-28,https://www.linkedin.com/jobs/view/4445346465,2026-08-16
linkedin,Demand Planner,"Responsable Equipe Prévision des ventes (Beverage / Food), CDI, H/F",PepsiCo,"Colombes, Île-de-France, France",2026-09-28,https://www.linkedin.com/jobs/view/4462210035,2026-09-28
linkedin,Data Analyst Retail,Senior Marketing Data Analyst,Robert Half,"Hauts-de-Seine, Île-de-France, France",2026-09-28,https://www.linkedin.com/jobs/view/4470869898,2026-09-29
linkedin,Data Analyst Retail,KERING Finance Data Analyst,Kering,"Paris, Île-de-France, France",2026-09-28,https://www.linkedin.com/jobs/view/4472737431,2026-09-29
linkedin,Demand Planner,"Consultant(e) Analytique senior Grande Consommation programmes collaboratifs (disponibilité linéaire OSA, datasharing)",NielsenIQ,"Bezons, Île-de-France, France",2026-09-28,https://www.linkedin.com/jobs/view/4471383727,2026-09-29
linkedin,Data Analyst Retail,KERING BI Developer,Kering,"Paris, Île-de-France, France",2026-09-28,https://www.linkedin.com/jobs/view/4472755749,2026-09-29
linkedin,Demand Planner,Planning & Allocation Manager France (Retail & E-commerce),DIM,"Rueil-Malmaison, Île-de-France, France",2026-09-28,https://www.linkedin.com/jobs/view/4377882252,2026-09-29
linkedin,Data Analyst Retail,Stage consultant Grande Distribution,Vusion,"Paris, Île-de-France, France",2026-09-28,https://www.linkedin.com/jobs/view/4471509746,2026-09-29
linkedin,Data Analyst Retail,Commercial Data Analytics Intern (H/F),Picnic Technologies,"Paris, Île-de-France, France",2026-09-28,https://www.linkedin.com/jobs/view/4277200120,2026-09-29
linkedin,Prévision des ventes,Ingénieur Etudes Avant Vente Sûreté H/F,Sogetrel,"Bièvres, Île-de-France, France",2026-09-28,https://www.linkedin.com/jobs/view/4472728278,2026-09-29
linkedin,Prévision des ventes,Inside Sales (H/F),"Mettler-Toledo International, Inc","Viroflay, Île-de-France, France",2026-09-28,https://www.linkedin.com/jobs/view/4471386591,2026-09-29
linkedin,Prévision des ventes,Consultant Avant-Vente ServiceNow H/F,Devoteam,"Levallois-Perret, Île-de-France, France",2026-09-28,https://www.linkedin.com/jobs/view/4377251640,2026-09-29
linkedin,Prévision des ventes,Ingénieur Commercial Installations de de sûreté électronique & vidéosurveillance - Orléans (45) H/F,Chubb Fire & Security,"Chartres, Centre-Val de Loire, France",2026-09-28,https://www.linkedin.com/jobs/view/4453149162,2026-09-29
linkedin,Prévision des ventes,Directeur commercial/Directrice commerciale,VIDAL ASSOCIATES Consulting & Search,"Île-de-France, France",2026-09-28,https://www.linkedin.com/jobs/view/4459206854,2026-09-29
linkedin,Prévision des ventes,Commercial matériel médical H/F,Antenor,"Île-de-France, France",2026-09-28,https://www.linkedin.com/jobs/view/4446797846,2026-09-29
linkedin,Prévision des ventes,Ingénieur(e) Commercial(e) - France Ouest et DROM-COM,VIDAL,"Issy-les-Moulineaux, Île-de-France, France",2026-09-28,https://www.linkedin.com/jobs/view/4472741861,2026-09-29
linkedin,Prévision des ventes,Technico-Commercial Sédentaire H/F,SEFI,"Frépillon, Île-de-France, France",2026-09-28,https://www.linkedin.com/jobs/view/4471390383,2026-09-29
linkedin,Prévision des ventes,INGENIEUR COMMERCIAL NEUF (H/F),Otis Elevator Co.,"Nanterre, Île-de-France, France",2026-09-28,https://www.linkedin.com/jobs/view/4471527870,2026-09-29
linkedin,Prévision des ventes,Commercial H/F,HomeServe France,"St.-Maur-des-Fossés, Île-de-France, France",2026-09-28,https://www.linkedin.com/jobs/view/4472732621,2026-09-29
linkedin,Prévision des ventes,Conseiller de Vente H/F,Printemps,"Vélizy-Villacoublay, Île-de-France, France",2026-09-28,https://www.linkedin.com/jobs/view/4471517325,2026-09-29
linkedin,Demand Planner,Global Demand and Distribution Planner,Parfums de Marly,"Paris, Île-de-France, France",2026-09-28,https://www.linkedin.com/jobs/view/4472772280,2026-09-29
linkedin,Data Analyst Retail,Data Analyst H/F,NEXTON,"Paris, Île-de-France, France",2026-09-28,https://www.linkedin.com/jobs/view/4471517057,2026-09-30
linkedin,Data Analyst Retail,STAGE - ASSISTANT.E DATA SCIENCE & ANALYTICS (F/H/X) - JANVIER 2027,CELINE,"Paris, Île-de-France, France",2026-09-28,https://www.linkedin.com/jobs/view/4473038327,2026-09-30
linkedin,Contrôleur de gestion retail,Finance Business Partner H/F,Manutan Group,"Gonesse, Île-de-France, France",2026-09-28,https://www.linkedin.com/jobs/view/4471554575,2026-09-30
linkedin,Prévision des ventes,Technico-Commercial Sédentaire H/F,SEFI,"Rungis, Île-de-France, France",2026-09-28,https://www.linkedin.com/jobs/view/4471394168,2026-09-30
linkedin,Demand Planner,Global Demand Planning Manager (f/m/d),SIG Group,"Courbevoie, Île-de-France, France",2026-09-28,https://www.linkedin.com/jobs/view/4433707421,2026-09-30
linkedin,Demand Planner,Approvisionneur(se) Aéronautique Aircraft - Toussus LN (78),DAHER,"Toussus-le-Noble, Île-de-France, France",2026-09-28,https://www.linkedin.com/jobs/view/4470888644,2026-09-30
linkedin,Demand Planner,Gestionnaire Flux Amont (H-F),LA HALLE,"Paris, Île-de-France, France",2026-09-28,https://www.linkedin.com/jobs/view/4413018674,2026-09-30
linkedin,Demand Planner,Responsable Supply Chain,Devialet,"Le Châtelet-en-Brie, Île-de-France, France",2026-09-28,https://www.linkedin.com/jobs/view/4471386037,2026-09-30
linkedin,Contrôleur de gestion retail,Responsable de Magasin (78) F/H,Achil,"Les Clayes-sous-Bois, Île-de-France, France",2026-09-28,https://www.linkedin.com/jobs/view/4471514843,2026-09-30
indeed,Prévision des ventes,Stage Ingénieur pour modéliser l'économie des réseaux FTTH au sein d'OWF (F/H) F/H,Orange,"Issy-les-Moulineaux, A8, FR",2026-09-28,https://fr.indeed.com/viewjob?jk=1fc795476439faf3,2026-09-30
indeed,Prévision des ventes,Responsable Strategie & Management du Portefeuille Oncologie France H/F,Takeda Pharmaceuticals,"Courbevoie, A8, FR",2026-09-28,https://fr.indeed.com/viewjob?jk=46a7934e423dabd1,2026-09-30
linkedin,Data Analyst Retail,Senior Data Analyst - Traffic / Acquisition,Decathlon Digital,"Paris, Île-de-France, France",2026-09-28,https://www.linkedin.com/jobs/view/4469685300,2026-09-28
linkedin,Prévision des ventes,Technico-Commercial Installations Contrôle d'Accès - Alarme Intrusion - Vidéoprotection - Compiègne (60),Chubb Fire & Security,"Compiègne, Hauts-de-France, France",2026-09-28,https://www.linkedin.com/jobs/view/4453165024,2026-08-13
linkedin,Data Analyst Retail,Assistant E-commerce / digital F/H,Bouygues Telecom,"Meudon, Île-de-France, France",2026-09-28,https://www.linkedin.com/jobs/view/4472703373,2026-09-28
linkedin,Data Analyst Retail,Consultant Data Power BI (F/H),Aubay,"Paris, Île-de-France, France",2026-09-28,https://www.linkedin.com/jobs/view/4433928372,2026-09-28
linkedin,Demand Planner,Demand Planner F/H,Essity,"Paris, Île-de-France, France",2026-09-28,https://www.linkedin.com/jobs/view/4470884648,2026-09-29
linkedin,Demand Planner,Business Processes Consultant - Supply Planning / Integrated Business Planning H/F,SAP,"Levallois-Perret, Île-de-France, France",2026-09-28,https://www.linkedin.com/jobs/view/4470875673,2026-09-29
linkedin,Contrôleur de gestion retail,"CDI - TotalEnergies Wash, Contrôleur de gestion opérationnel H/F/X",TotalEnergies,"Rueil-Malmaison, Île-de-France, France",2026-09-28,https://www.linkedin.com/jobs/view/4472768127,2026-09-29
linkedin,Prévision des ventes,Commercial Sédentaire ( H/F),Groupe Chavigny,"Dreux, Centre-Val de Loire, France",2026-09-28,https://www.linkedin.com/jobs/view/4472708283,2026-10-01
linkedin,Prévision des ventes,Technico-commercial (H/F),UPTOO,"Paris, Île-de-France, France",2026-09-28,https://www.linkedin.com/jobs/view/4471389486,2026-10-01
linkedin,Demand Planner,Demand Planner (H-F),LA HALLE,"Paris, Île-de-France, France",2026-09-28,https://www.linkedin.com/jobs/view/4471613390,2026-10-01
linkedin,Demand Planner,Stage - Assistant(e) Supply Embellishement (Packaging) - Janvier 2027,Vestacy,"Massy, Île-de-France, France",2026-09-28,https://www.linkedin.com/jobs/view/4470876228,2026-10-01
linkedin,Demand Planner,STAGE - Ingénieur Supply Chain – Master Data & Digital (H/F),Guerlain,"Paris, Île-de-France, France",2026-09-28,https://www.linkedin.com/jobs/view/4473045074,2026-10-01
linkedin,Demand Planner,Chargé d'Approvisionnement (H/F) - Stage,Quitoque,"Paris, Île-de-France, France",2026-09-28,https://www.linkedin.com/jobs/view/4470893207,2026-10-01
linkedin,Contrôleur de gestion retail,CDI - Financial performance (H/F),KLEPIERRE,"Paris, Île-de-France, France",2026-09-28,https://www.linkedin.com/jobs/view/4471392265,2026-09-29
linkedin,Data Analyst Retail,Proxy Product Owner Fraude / Data Analyste Power BI H/F,Soors,"Paris, Île-de-France, France",2026-09-28,https://www.linkedin.com/jobs/view/4472760506,2026-10-02
linkedin,Data Analyst Retail,Senior Data Analyst Alteryx H/F,Soors,"Paris, Île-de-France, France",2026-09-28,https://www.linkedin.com/jobs/view/4472761474,2026-10-02
linkedin,Demand Planner,Global Squeeze S&OP Manager,Bel,"Suresnes, Île-de-France, France",2026-09-28,https://www.linkedin.com/jobs/view/4470885381,2026-10-02
linkedin,Demand Planner,Planning and Scheduling Manager,MVG | Microwave Vision Group,"Villejust, Île-de-France, France",2026-09-28,https://www.linkedin.com/jobs/view/4463044424,2026-10-02
indeed,Data Analyst Retail,"Lead Data Analyst, Supply Chain, Long-Term Planning",Amazon.com,"Clichy, A8, FR",2026-09-28,https://fr.indeed.com/viewjob?jk=b6585f3113b372f7,2026-10-02
indeed,Data Analyst Retail,Wholesale Merchandising Analyst,CALVIN KLEIN,"Paris, A8, FR",2026-09-27,https://fr.indeed.com/viewjob?jk=c0fd6cb3e00714ae,2026-09-27
hellowork,Demand Planner,Stage - Analyste de Données Prévision de Ventes Pièces de Rechange - Chiffre d'Affaires Cfm56 - Leap H/F,Safran,Montereau-sur-le-Jard - 77,2026-09-27,https://www.hellowork.com/fr-fr/emplois/82739366.html,2026-09-27
hellowork,Prévision des ventes,Responsable Practice Data - IA Paris H/F,Skaelia,Paris 1er - 75,2026-09-27,https://www.hellowork.com/fr-fr/emplois/83814748.html,2026-09-27
hellowork,Prévision des ventes,Directeur de Business Unit Data & IA Paris H/F,Skaelia,Paris 1er - 75,2026-09-27,https://www.hellowork.com/fr-fr/emplois/83814744.html,2026-09-27
hellowork,Prévision des ventes,Responsable d'Agence IA & Data - Paris H/F,Skaelia,Paris 1er - 75,2026-09-27,https://www.hellowork.com/fr-fr/emplois/83814670.html,2026-09-27
hellowork,Prévision des ventes,Responsable de Site Fruits et Légumes H/F,Groupement Mousquetaires,Montsoult - 95,2026-09-27,https://www.hellowork.com/fr-fr/emplois/81759160.html,2026-09-27
hellowork,Prévision des ventes,Stage - Assistant·e Chef de Produit Marketing Opérationnel Parfums - Marché France - Janvier 2027 H/F,Chanel,Paris - 75,2026-09-27,https://www.hellowork.com/fr-fr/emplois/82717573.html,2026-09-27
hellowork,Prévision des ventes,Stage - Assistant·e Chef de Produit Marketing Opérationnel - Marché France - Janvier 2027 H/F,Chanel,Paris - 75,2026-09-27,https://www.hellowork.com/fr-fr/emplois/82718530.html,2026-09-27
hellowork,Demand Planner,Responsable Département Supply Chain H/F,Nexter,Versailles - 78,2026-09-27,https://www.hellowork.com/fr-fr/emplois/82717468.html,2026-09-27
hellowork,Contrôleur de gestion retail,Responsable Contrôle de Gestion Achat H/F,BUT,Émerainville - 77,2026-09-27,https://www.hellowork.com/fr-fr/emplois/82748360.html,2026-09-27
linkedin,Prévision des ventes,Conseiller(ère) Commercial(e) - Résidence Seniors F/H,Ovelia Résidences Seniors,"Chatou, Île-de-France, France",2026-09-27,https://www.linkedin.com/jobs/view/4469266592,2026-09-20
linkedin,Prévision des ventes,Consultant Avant Vente (Field Service Agentforce),Salesforce,"Paris, Île-de-France, France",2026-09-27,https://www.linkedin.com/jobs/view/4436729537,2026-09-27
linkedin,Prévision des ventes,Ingenieur des ventes,RS France,"Beauvais, Hauts-de-France, France",2026-09-27,https://www.linkedin.com/jobs/view/4402751476,2026-09-27
linkedin,Demand Planner,Supply Coordinator CDI H/F,Shiseido,"Neuilly-sur-Seine, Île-de-France, France",2026-09-27,https://www.linkedin.com/jobs/view/4443817716,2026-09-27
linkedin,Demand Planner,Revenue Operations Manager – Demand,RevOps Report,"Paris, Île-de-France, France",2026-09-27,https://www.linkedin.com/jobs/view/4470576786,2026-09-28
indeed,Data Analyst Retail,Wholesale Merchandising Analyst,CALVIN KLEIN,"Paris, A8, FR",2026-09-27,https://fr.indeed.com/viewjob?jk=7165e6aa8cf035a4,2026-09-28
linkedin,Demand Planner,CDI - Gestionnaire approvisionnement F/H/NB,Maison Francis Kurkdjian,"Paris, Île-de-France, France",2026-09-27,https://www.linkedin.com/jobs/view/4454822413,2026-09-28
linkedin,Contrôleur de gestion retail,Junior Finance Controller,Laboratoires Filorga,"Colombes, Île-de-France, France",2026-09-27,https://www.linkedin.com/jobs/view/4471310278,2026-09-28
linkedin,Data Analyst Retail,INTERNSHIP - Global Market Intelligence Intern  - January 2027 (M/W),Danone,"Paris, Île-de-France, France",2026-09-27,https://www.linkedin.com/jobs/view/4465584543,2026-09-29
linkedin,Prévision des ventes,Responsable commercial F/H,VINCI Energies,"Asnières-sur-Seine, Île-de-France, France",2026-09-27,https://www.linkedin.com/jobs/view/4472457371,2026-09-29
linkedin,Contrôleur de gestion retail,Contrôleur financier/Contrôleuse financière,Voluntae,"Versailles, Île-de-France, France",2026-09-27,https://www.linkedin.com/jobs/view/4470818039,2026-09-29
linkedin,Prévision des ventes,Avant-Vente Sage,Prodware,"Paris, Île-de-France, France",2026-09-27,https://www.linkedin.com/jobs/view/4444972684,2026-09-30
linkedin,Contrôleur de gestion retail,Retail Merchandiser,BoF Careers,"Paris, Île-de-France, France",2026-09-27,https://www.linkedin.com/jobs/view/4471085571,2026-09-30
linkedin,Prévision des ventes,Sales Assistant Flagship Store Paris (m/f/d),CYBEX,"Paris, Île-de-France, France",2026-09-27,https://www.linkedin.com/jobs/view/4260120389,2026-09-07
indeed,Prévision des ventes,"Senior Account Executive, Slack",Salesforce,"Paris, A8, FR",2026-09-26,https://fr.indeed.com/viewjob?jk=bb18b0c0fe7c4316,2026-09-26
indeed,Prévision des ventes,"Account Executive, Slack",Salesforce,"Paris, A8, FR",2026-09-26,https://fr.indeed.com/viewjob?jk=792292cad0f750d1,2026-09-26
hellowork,Demand Planner,Supply & Demand Planner H/F,Procemo,Versailles - 78,2026-09-26,https://www.hellowork.com/fr-fr/emplois/81717477.html,2026-09-26
hellowork,Demand Planner,Demand Planner - Supply Chain H/F,Vygon,Écouen - 95,2026-09-26,https://www.hellowork.com/fr-fr/emplois/79408747.html,2026-09-26
hellowork,Prévision des ventes,Controleur de Gestion Commercial H/F,Michael Page,Paris - 75,2026-09-26,https://www.hellowork.com/fr-fr/emplois/83803707.html,2026-09-26
hellowork,Prévision des ventes,Senior Account Executive 1- Financial Services H/F,Equinix,Paris - 75,2026-09-26,https://www.hellowork.com/fr-fr/emplois/83796249.html,2026-09-26
hellowork,Prévision des ventes,Responsable Grands Comptes - Kam Grossistes & Pharmacies Fontenay Sous Bois Fr H/F,Coloplast,Fontenay-sous-Bois - 94,2026-09-26,https://www.hellowork.com/fr-fr/emplois/82715088.html,2026-09-26
hellowork,Prévision des ventes,CDI - Consultant·e Transport Infrastructure Manufacturing & Energy H/F,Wavestone,Paris - 75,2026-09-26,https://www.hellowork.com/fr-fr/emplois/74893740.html,2026-09-26
hellowork,Prévision des ventes,Responsable Comptable H/F,Vedaci Conseil,Rungis - 94,2026-09-26,https://www.hellowork.com/fr-fr/emplois/82704105.html,2026-09-26
hellowork,Prévision des ventes,Stage - Assistant Retail Merchandiser Petite Maroquinerie - Mode - Janvier 2027 H/F,Chanel,Paris - 75,2026-09-26,https://www.hellowork.com/fr-fr/emplois/82674021.html,2026-09-26
hellowork,Prévision des ventes,Business Developer Senior Design & Build - CDI H/F,Deskeo,Paris 9e - 75,2026-09-26,https://www.hellowork.com/fr-fr/emplois/83794599.html,2026-09-26
hellowork,Prévision des ventes,Approvisionneur H/F,Bosch Group,Drancy - 93,2026-09-26,https://www.hellowork.com/fr-fr/emplois/83791181.html,2026-09-26
hellowork,Prévision des ventes,Approvisionneur·euse - N H/F,Bosch Group,Drancy - 93,2026-09-26,https://www.hellowork.com/fr-fr/emplois/83791165.html,2026-09-26
hellowork,Prévision des ventes,Directeur Commercial - CDI H/F,Triangle Intérim,Rosny-sous-Bois - 93,2026-09-26,https://www.hellowork.com/fr-fr/emplois/83785899.html,2026-09-26
hellowork,Prévision des ventes,Spécialiste Logistique France Fontenay Sous Bois Fr H/F,Coloplast,Fontenay-sous-Bois - 94,2026-09-26,https://www.hellowork.com/fr-fr/emplois/83778141.html,2026-09-26
hellowork,Demand Planner,Responsable Département Supply Chain H/F,KNDS,Versailles - 78,2026-09-26,https://www.hellowork.com/fr-fr/emplois/82702840.html,2026-09-26
hellowork,Contrôleur de gestion retail,Contrôleur Financier Retail H/F,,Massy - 91,2026-09-26,https://www.hellowork.com/fr-fr/emplois/83795992.html,2026-09-26
hellowork,Contrôleur de gestion retail,Responsable du Contrôle de Gestion Commercial - Retail H/F,AMATCH,Île-de-France,2026-09-26,https://www.hellowork.com/fr-fr/emplois/83780878.html,2026-09-26
linkedin,Contrôleur de gestion retail,"Contrôleur de gestion - Marchés ""Business Partnership Community"" (H/F)",Parfums Christian Dior,"Paris, Île-de-France, France",2026-09-26,https://www.linkedin.com/jobs/view/4463379538,2026-09-26
linkedin,Contrôleur de gestion retail,Sales Finance Analyst / Analyste Financier Commercial,General Mills,"Boulogne-Billancourt, Île-de-France, France",2026-09-26,https://www.linkedin.com/jobs/view/4462321346,2026-09-26
linkedin,Contrôleur de gestion retail,EMEA Financial Controller - H/F,Lacoste,"Paris, Île-de-France, France",2026-09-26,https://www.linkedin.com/jobs/view/4444435713,2026-09-26
linkedin,Demand Planner,STAGE 6 MOIS - Assistant Mid Term Planner F/H/X - Issy-les-Moulineaux - MARS 2027,Coca-Cola Europacific Partners,"Issy-les-Moulineaux, Île-de-France, France",2026-09-26,https://www.linkedin.com/jobs/view/4463337769,2026-09-27
linkedin,Demand Planner,Stage Assistant(e) Compte clé Logistique,Kellanova,"Boulogne-Billancourt, Île-de-France, France",2026-09-26,https://www.linkedin.com/jobs/view/4461176361,2026-09-27
linkedin,Contrôleur de gestion retail,GLOBAL TOP TIER VM MANAGER F/H,Lacoste,"Paris, Île-de-France, France",2026-09-26,https://www.linkedin.com/jobs/view/4444920829,2026-09-27
indeed,Data Analyst Retail,Wholesale Merchandising Analyst,CALVIN KLEIN,"Paris, A8, FR",2026-09-26,https://fr.indeed.com/viewjob?jk=ff8e8c75f1425b5f,2026-09-27
hellowork,Prévision des ventes,Responsable de Boutique - CDI - Swatch - Puteaux - 92 H/F,The Swatch Groupe France,Nanterre - 92,2026-09-26,https://www.hellowork.com/fr-fr/emplois/82673946.html,2026-09-27
linkedin,Prévision des ventes,Head of Sales - Chery Brand,Omoda | Jaecoo France,"Courbevoie, Île-de-France, France",2026-09-26,https://www.linkedin.com/jobs/view/4449387097,2026-09-23
linkedin,Demand Planner,CDI - Responsable prévisions des ventes - Chaussures (H/F),Hermès,"Pantin, Île-de-France, France",2026-09-26,https://www.linkedin.com/jobs/view/4367826179,2026-09-27
linkedin,Demand Planner,Demand Planning Specialist,Colgate-Palmolive,"Colombes, Île-de-France, France",2026-09-26,https://www.linkedin.com/jobs/view/4462332097,2026-09-27
linkedin,Demand Planner,Senior Consultant Supply Chain Management (2026),Inverto | A BCG Company,"Paris, Île-de-France, France",2026-09-26,https://www.linkedin.com/jobs/view/4461967507,2026-09-27
linkedin,Contrôleur de gestion retail,Contrôleur de gestion F/H,Fnac Darty,"Ivry-sur-Seine, Île-de-France, France",2026-09-26,https://www.linkedin.com/jobs/view/4472267576,2026-09-27
linkedin,Contrôleur de gestion retail,Contrôleur de gestion corporate & IT - CDI- H/F,Lagardère Travel Retail,"Levallois-Perret, Île-de-France, France",2026-09-26,https://www.linkedin.com/jobs/view/4463378187,2026-09-27
linkedin,Contrôleur de gestion retail,STAGE – Assistant.e Business Analyst & Product Merchandiser Mode F/H – Marché France – Janvier 2027,CHANEL,"Paris, Île-de-France, France",2026-09-26,https://www.linkedin.com/jobs/view/4462310812,2026-09-28
linkedin,Data Analyst Retail,Consultant Data Analyst - F/H,Niji,"Issy-les-Moulineaux, Île-de-France, France",2026-09-26,https://www.linkedin.com/jobs/view/4441517773,2026-09-28
linkedin,Data Analyst Retail,Consultant·e BI Power BI (F/H),ACT-ON DATA,"Neuilly-sur-Seine, Île-de-France, France",2026-09-26,https://www.linkedin.com/jobs/view/4463384057,2026-09-28
linkedin,Data Analyst Retail,Stage Business Analyst - Revenue Growth Management,Kellanova,"Boulogne-Billancourt, Île-de-France, France",2026-09-26,https://www.linkedin.com/jobs/view/4461167528,2026-09-28
linkedin,Prévision des ventes,Ingénieur Commercial Systèmes de Sécurité incendie/SSI H/F,Chubb Fire & Security,"Villeneuve-la-Garenne, Île-de-France, France",2026-09-26,https://www.linkedin.com/jobs/view/4444321909,2026-09-28
linkedin,Prévision des ventes,Technical Sales Engineer,IC Resources,"Île-de-France, France",2026-09-26,https://www.linkedin.com/jobs/view/4463617578,2026-09-28
linkedin,Prévision des ventes,Sales inbound - Paris - CDI,Orus,"Paris, Île-de-France, France",2026-09-26,https://www.linkedin.com/jobs/view/4470765018,2026-09-28
linkedin,Demand Planner,Consultant expérimenté Manufacturing - Supply Chain - Paris & Régions F/H,PwC France,"Neuilly-sur-Seine, Île-de-France, France",2026-09-26,https://www.linkedin.com/jobs/view/4444703493,2026-09-28
linkedin,Contrôleur de gestion retail,Business analyst contrôleur de gestion Casino Services - F/H,Groupe Casino,"Vitry-sur-Seine, Île-de-France, France",2026-09-26,https://www.linkedin.com/jobs/view/4415944773,2026-09-28
linkedin,Contrôleur de gestion retail,Responsable de Magasin - (H/F),Talents Commerciaux,"Nanterre, Île-de-France, France",2026-09-26,https://www.linkedin.com/jobs/view/4436318876,2026-09-28
linkedin,Contrôleur de gestion retail,Manager de rayon libre-service H/F,Coopérative U,"Montreuil, Île-de-France, France",2026-09-26,https://www.linkedin.com/jobs/view/4472280273,2026-09-28
linkedin,Prévision des ventes,Attaché commercial Esthétique Médicale - région parisienne F/H,Laboratoires Vivacy,"Paris, Île-de-France, France",2026-09-26,https://www.linkedin.com/jobs/view/4415940157,2026-09-27
linkedin,Demand Planner,Stage – Assistant(e) Demand Planner (H/F/X) – Mode – Janvier 2027,CHANEL,"Paris, Île-de-France, France",2026-09-26,https://www.linkedin.com/jobs/view/4462307816,2026-09-29
linkedin,Contrôleur de gestion retail,Gestionnaire commercial (H/F/X) (Viviers),Mondelēz International,"Boulogne-Billancourt, Île-de-France, France",2026-09-26,https://www.linkedin.com/jobs/view/4463605433,2026-09-29
linkedin,Contrôleur de gestion retail,Assistant Store Manager H/F,Skechers,"Corbeil-Essonnes, Île-de-France, France",2026-09-26,https://www.linkedin.com/jobs/view/4444980497,2026-09-29
linkedin,Contrôleur de gestion retail,Manager Alimentaire F/H,Monoprix,"Clichy, Île-de-France, France",2026-09-26,https://www.linkedin.com/jobs/view/4444350302,2026-09-27
linkedin,Prévision des ventes,Avant-Vente Sage,Prodware,"Île-de-France, France",2026-09-26,https://www.linkedin.com/jobs/view/4444986040,2026-09-30
linkedin,Demand Planner,Stage – Assistant.e Chef.fe de Projet Supply Chain – Distribution Omnicanale - F/H,Louis Vuitton,"Paris, Île-de-France, France",2026-09-26,https://www.linkedin.com/jobs/view/4463719386,2026-09-30
linkedin,Demand Planner,Stage Assistant(e) Category Manager Enseignes,Kellanova,"Boulogne-Billancourt, Île-de-France, France",,https://www.linkedin.com/jobs/view/4461168447,2026-09-29
linkedin,Data Analyst Retail,Data Consultant Alteryx F/H,SOFTEAM,"Paris, Île-de-France, France",,https://www.linkedin.com/jobs/view/4368623240,2026-09-19
linkedin,Contrôleur de gestion retail,Chef de Secteur - GSB - H/F,Les Nouvelles Recrues - RPO recruiters collective,"Paris, Île-de-France, France",,https://www.linkedin.com/jobs/view/4462886288,2026-09-17
linkedin,Data Analyst Retail,Web Analyst expérimenté H/F,NEXTON,"Paris, Île-de-France, France",,https://www.linkedin.com/jobs/view/4322692812,2026-09-15
linkedin,Contrôleur de gestion retail,Mission Responsable Interface Forces de Ventes - F/H,Nestlé,"Issy-les-Moulineaux, Île-de-France, France",,https://www.linkedin.com/jobs/view/4463606159,2026-09-05
linkedin,Prévision des ventes,Directeur des Ventes H/F - Salon International de la Lunetterie et du Matériel pour Opticiens,Comexposium,"Courbevoie, Île-de-France, France",,https://www.linkedin.com/jobs/view/4461126406,2026-09-07
linkedin,Contrôleur de gestion retail,Manager de Rayon Non Alimentaire (F/H) - Hypermarché,Carrefour,"Saint-Brice-sous-Forêt, Île-de-France, France",,https://www.linkedin.com/jobs/view/4460722706,2026-09-08
linkedin,Data Analyst Retail,Data Analytics & Reporting Consultant (m/f/d),"Halian | Managed Services, Recruitment Agency & Contract Staffing","Paris, Île-de-France, France",,https://www.linkedin.com/jobs/view/4456882835,2026-08-25
linkedin,Data Analyst Retail,Data Analyst – Power BI (m/f/d),"Halian | Managed Services, Recruitment Agency & Contract Staffing","Paris, Île-de-France, France",,https://www.linkedin.com/jobs/view/4454286946,2026-08-18
linkedin,Prévision des ventes,Chef De Secteur H/F,Husqvarna Group,"St.-Ouen, Île-de-France, France",,https://www.linkedin.com/jobs/view/4441507299,2026-08-16
linkedin,Prévision des ventes,Conseiller surface de vente H/F,Feu Vert France,"Orgeval, Île-de-France, France",,https://www.linkedin.com/jobs/view/4453729983,2026-08-17
linkedin,Data Analyst Retail,Consultant(e) Data (F/H),ACT-ON DATA,"Neuilly-sur-Seine, Île-de-France, France",,https://www.linkedin.com/jobs/view/4433897077,2026-08-09
linkedin,Prévision des ventes,LEAD SALES - CDI,STATION F,"Paris, Île-de-France, France",,https://www.linkedin.com/jobs/view/4450931337,2026-08-09
linkedin,Data Analyst Retail,Data Analyst,Free-Work,"Paris, Île-de-France, France",,https://www.linkedin.com/jobs/view/4449520941,2026-08-10
linkedin,Data Analyst Retail,Data Analyst (H/F) COMO Mercedes-Benz,Como,"Stains, Île-de-France, France",,https://www.linkedin.com/jobs/view/4449819024,2026-08-11
linkedin,Data Analyst Retail,Data Analyst – Power BI (m/f/d),"Halian | Managed Services, Recruitment Agency & Contract Staffing","Paris, Île-de-France, France",,https://www.linkedin.com/jobs/view/4450996967,2026-08-11
linkedin,Data Analyst Retail,Data Analyst - Paris - Hyrbrid - Up to 55k,Talent-R,"Boulogne-Billancourt, Île-de-France, France",,https://www.linkedin.com/jobs/view/4451518162,2026-08-11
linkedin,Data Analyst Retail,Analytics engineer H/F,Free-Work,"Levallois-Perret, Île-de-France, France",,https://www.linkedin.com/jobs/view/4451610000,2026-08-11
linkedin,Data Analyst Retail,Consultant Analytics Engineering - Data Analyst,Free-Work,"Paris, Île-de-France, France",,https://www.linkedin.com/jobs/view/4449821828,2026-08-11
linkedin,Data Analyst Retail,Apprenti(e) Purchasing Performance and Reporting Analyst,Valeo,"Paris, Île-de-France, France",,https://www.linkedin.com/jobs/view/4442599795,2026-08-11
linkedin,Data Analyst Retail,Apprenti.e Marketing analyst,Nexans,"Puteaux, Île-de-France, France",,https://www.linkedin.com/jobs/view/4441449175,2026-08-11
linkedin,Data Analyst Retail,CDI - Expert BI / Analytics Engineer - H/F,Mediaperformances,"Courbevoie, Île-de-France, France",,https://www.linkedin.com/jobs/view/4451175733,2026-08-11
linkedin,Data Analyst Retail,Alternant.e Data et Business Intelligence,Storengy - ENGIE,"La Garenne-Colombes, Île-de-France, France",,https://www.linkedin.com/jobs/view/4451838014,2026-08-11
linkedin,Prévision des ventes,Attaché(e) commercial(e) en charge des ventes loisirs et sur mesure,Carra,"Maffliers, Île-de-France, France",,https://www.linkedin.com/jobs/view/4451435096,2026-08-11
linkedin,Contrôleur de gestion retail,Chef du service administratif et financier F/H,Conseil Départemental du Val de Marne,"Créteil, Île-de-France, France",,https://www.linkedin.com/jobs/view/4451114810,2026-08-11
linkedin,Data Analyst Retail,Data Analyst Risques H/F,Bpifrance,"Maisons-Alfort, Île-de-France, France",,https://www.linkedin.com/jobs/view/4452425103,2026-08-12
linkedin,Data Analyst Retail,Statistician – Prices and Purchasing Power Parities,OECD - OCDE,"Paris, Île-de-France, France",,https://www.linkedin.com/jobs/view/4451929130,2026-08-12
linkedin,Data Analyst Retail,Data Consultant spécialisé GRIST,STEP UP,"Noisy-le-Grand, Île-de-France, France",,https://www.linkedin.com/jobs/view/4451676311,2026-08-12
linkedin,Data Analyst Retail,Apprentice - FinOps Analyst (x/f/m),Doctolib,"Paris, Île-de-France, France",,https://www.linkedin.com/jobs/view/4452407708,2026-08-12
linkedin,Data Analyst Retail,CDI - AUTOMATION & DATA CONSULTANT JUNIOR - H/F,Havas Business Science,"Île-de-France, France",,https://www.linkedin.com/jobs/view/4429364145,2026-08-12
linkedin,Data Analyst Retail,AP26 + BAC+5 - Data & Models,Mobilize Financial Services,"Paris, Île-de-France, France",,https://www.linkedin.com/jobs/view/4451695836,2026-08-12
linkedin,Prévision des ventes,CDI - RESPONSABLE DE DÉPARTEMENT - F/H,Christian Dior Couture,"Paris, Île-de-France, France",,https://www.linkedin.com/jobs/view/4371879674,2026-08-12
linkedin,Prévision des ventes,Chef·fe de projet Merchandising F/H,mk2,"Paris, Île-de-France, France",,https://www.linkedin.com/jobs/view/4451671096,2026-08-12
linkedin,Prévision des ventes,Founding Sales Development Representative (SDR),Piston,"Paris, Île-de-France, France",,https://www.linkedin.com/jobs/view/4452426984,2026-08-12
linkedin,Prévision des ventes,CDI - Conseiller de Vente - Réseau Parisien (F/H),Christian Dior Couture,"Paris, Île-de-France, France",,https://www.linkedin.com/jobs/view/4312084708,2026-08-12
linkedin,Prévision des ventes,Conseiller De Vente,GOLF PLUS,"Pontault-Combault, Île-de-France, France",,https://www.linkedin.com/jobs/view/4453062794,2026-08-12
linkedin,Prévision des ventes,Manager de Zone Gms : HF,Yooji,"Paris, Île-de-France, France",,https://www.linkedin.com/jobs/view/4452467347,2026-08-12
linkedin,Contrôleur de gestion retail,Finance Transformation Analyst H/F,The HEINEKEN Company,"Rueil, Île-de-France, France",,https://www.linkedin.com/jobs/view/4453035686,2026-08-12
linkedin,Data Analyst Retail,Chargé(e) Marketing Digital & E-commerce (H/F),Position Zéro,"Paris, Île-de-France, France",,https://www.linkedin.com/jobs/view/4452714842,2026-08-13
linkedin,Prévision des ventes,Directeur.rice Commercial.e - CDI,Sova,"Paris, Île-de-France, France",,https://www.linkedin.com/jobs/view/4452716332,2026-08-13
linkedin,Prévision des ventes,Ingénieur d'Affaires,DEODIS,"Puteaux, Île-de-France, France",,https://www.linkedin.com/jobs/view/4428851770,2026-08-13
linkedin,Demand Planner,Global Supply Chain Manager - Paris 🇫🇷,Dental Monitoring Czech,"Paris, Île-de-France, France",,https://www.linkedin.com/jobs/view/4453688097,2026-08-13
linkedin,Contrôleur de gestion retail,Junior Business Controller,Dixstone,"Paris, Île-de-France, France",,https://www.linkedin.com/jobs/view/4453361686,2026-08-13
linkedin,Contrôleur de gestion retail,Contrôleur de gestion appels d'offres / Costing analyst H/F,FM Logistic,"Longueil-Sainte-Marie, Hauts-de-France, France",,https://www.linkedin.com/jobs/view/4431089141,2026-08-13
linkedin,Contrôleur de gestion retail,Directeur / Directrice - Responsable Administratif et Financier H/F,SULO France,"Lucé, Centre-Val de Loire, France",,https://www.linkedin.com/jobs/view/4452736871,2026-08-13
linkedin,Data Analyst Retail,Senior Data Analyst - Marketing Analytics (m/f/d),Ubisoft,"Saint-Mandé, Île-de-France, France",,https://www.linkedin.com/jobs/view/4441099548,2026-08-14
linkedin,Data Analyst Retail,Data Analyst H/F,ELIS PEST CONTROL LIMOGES,"Boulogne-Billancourt, Île-de-France, France",,https://www.linkedin.com/jobs/view/4454084770,2026-08-14
linkedin,Demand Planner,Promo Expert (H/F),Unilever,"Rueil-Malmaison, Île-de-France, France",,https://www.linkedin.com/jobs/view/4452925636,2026-08-14
linkedin,Data Analyst Retail,Analyste Junior H/F,HADDAD BRANDS EUROPE,"St.-Denis, Île-de-France, France",,https://www.linkedin.com/jobs/view/4453756892,2026-08-15
linkedin,Prévision des ventes,Gestionnaire Administration des Ventes,Altares - Dun and Bradstreet,"Puteaux, Île-de-France, France",,https://www.linkedin.com/jobs/view/4454387478,2026-08-15
linkedin,Prévision des ventes,CHEF DE SECTEUR - H/F,POMONA,"Rungis, Île-de-France, France",,https://www.linkedin.com/jobs/view/4454560621,2026-08-15
linkedin,Prévision des ventes,BIZ DEV // COMMERCIAL(E) CAFES & HOTELS & RESTAURANTS - Secteur Paris - Île-de-France,Appie & Cie,"St.-Denis, Île-de-France, France",,https://www.linkedin.com/jobs/view/4453702235,2026-08-15
linkedin,Demand Planner,"Chargé(e) d'Ordonnancement  - Vernon, France  (H/F)",Astek,"Vernon, Normandy, France",,https://www.linkedin.com/jobs/view/4441542188,2026-08-15
linkedin,Contrôleur de gestion retail,CDI - Contrôleur de Gestion Coûts centraux et Masse Salariale H/F - Petit Bateau !,Petit Bateau,"Issy-les-Moulineaux, Île-de-France, France",,https://www.linkedin.com/jobs/view/4440754071,2026-08-15
linkedin,Data Analyst Retail,Data &amp; Commerce International H/F,Palatine,"Fontenay-sous-Bois, Île-de-France, France",,https://www.linkedin.com/jobs/view/4451748571,2026-08-16
linkedin,Data Analyst Retail,Consultant Senior AI & Data Business Transformation F/H,PwC France,"Neuilly-sur-Seine, Île-de-France, France",,https://www.linkedin.com/jobs/view/4386724153,2026-08-16
linkedin,Contrôleur de gestion retail,Assistant Directeur Financier (H/F) - Abbaye des Vaux de Cernay,PARIS SOCIETY,"Cernay-la-Ville, Île-de-France, France",,https://www.linkedin.com/jobs/view/4453793848,2026-08-16
linkedin,Contrôleur de gestion retail,Senior Controller Finance R&D,Ipsen,"Paris, Île-de-France, France",,https://www.linkedin.com/jobs/view/4435239657,2026-08-16
linkedin,Data Analyst Retail,Data Analyst Financement,VESTRALA,"Paris, Île-de-France, France",,https://www.linkedin.com/jobs/view/4455309617,2026-08-18
linkedin,Data Analyst Retail,Analyste data finance,Societe Generale,"La Défense, Île-de-France, France",,https://www.linkedin.com/jobs/view/4452278509,2026-08-18
linkedin,Data Analyst Retail,Marketing Analyst,SoTalent,"Rueil-Malmaison, Île-de-France, France",,https://www.linkedin.com/jobs/view/4452243090,2026-08-18
linkedin,Data Analyst Retail,Consultant Data & Digital (confirmé),Cartelis,"Paris, Île-de-France, France",,https://www.linkedin.com/jobs/view/4454260518,2026-08-18
linkedin,Data Analyst Retail,Revenue Operations Analyst (1 Year Apprenticeship),Ogury,"Paris, Île-de-France, France",,https://www.linkedin.com/jobs/view/4325556142,2026-08-18
linkedin,Prévision des ventes,Technico-commercial sédentaire HVAC,Groupe Atlantic,"Arcueil, Île-de-France, France",,https://www.linkedin.com/jobs/view/4438708040,2026-08-18
linkedin,Prévision des ventes,Commercial Solaire Photovoltaïque,Reno Energy My Power,"Yvelines, Île-de-France, France",,https://www.linkedin.com/jobs/view/4454280587,2026-08-18
linkedin,Prévision des ventes,Technico-commercial IRVE,Sorel Energies,"Sarcelles, Île-de-France, France",,https://www.linkedin.com/jobs/view/4455282200,2026-08-18
linkedin,Prévision des ventes,Inside Sales Representative - Commercial Sédentaire,Lenovo,"Rueil-Malmaison, Île-de-France, France",,https://www.linkedin.com/jobs/view/4445127388,2026-08-18
linkedin,Prévision des ventes,Passionné-e de sport ? CDI 35h - Conseiller-ère Vente Omnicanal (H/F),DECATHLON FRANCE,"Paris, Île-de-France, France",,https://www.linkedin.com/jobs/view/4454425764,2026-08-18
linkedin,Prévision des ventes,Gestionnaire ADV H/F,Trudon,"Paris, Île-de-France, France",,https://www.linkedin.com/jobs/view/4455273273,2026-08-18
linkedin,Demand Planner,Operations Research Engineer,Pelico,"Paris, Île-de-France, France",,https://www.linkedin.com/jobs/view/4437417001,2026-08-18
linkedin,Contrôleur de gestion retail,Hachette Livre - Contrôleur de gestion - Contract Analyst - CDI - H/F,Hachette Livre,"Vanves, Île-de-France, France",,https://www.linkedin.com/jobs/view/4453296689,2026-08-18
linkedin,Data Analyst Retail,Senior Data Analyst - Risk & Collections H/F,Octopus Energy,"Paris, Île-de-France, France",,https://www.linkedin.com/jobs/view/4455715092,2026-08-19
linkedin,Data Analyst Retail,Data Scientist,Societe Generale,"Fontenay-sous-Bois, Île-de-France, France",,https://www.linkedin.com/jobs/view/4441543624,2026-08-19
linkedin,Data Analyst Retail,Senior Data Science Analyst & Project lead,AbbVie,"Boulogne-Billancourt, Île-de-France, France",,https://www.linkedin.com/jobs/view/4443270204,2026-08-19
linkedin,Data Analyst Retail,"Business Intelligence Engineer, Volume Planning Analytics EU",Amazon,"Clichy, Île-de-France, France",,https://www.linkedin.com/jobs/view/4455903414,2026-08-19
linkedin,Prévision des ventes,Responsable adjoint(e)  CDI (F/H),Lacoste,"Paris, Île-de-France, France",,https://www.linkedin.com/jobs/view/4437138729,2026-08-19
linkedin,Prévision des ventes,CDI - Chargé(e) de développement commercial (F/H),APSYS,"Paris, Île-de-France, France",,https://www.linkedin.com/jobs/view/4440123944,2026-08-19
linkedin,Prévision des ventes,Attaché(e) Commercial(e) Groupes & Banquets (H/F),Hôtel Le Burgundy Paris,"Paris, Île-de-France, France",,https://www.linkedin.com/jobs/view/4452586677,2026-08-19
linkedin,Prévision des ventes,Sales Manager – GCC Markets(H/F),"Four Seasons Hotel George V, Paris","Paris, Île-de-France, France",,https://www.linkedin.com/jobs/view/4445975324,2026-08-19
linkedin,Prévision des ventes,Responsable développement commercial,Premi Homme,"Paris, Île-de-France, France",,https://www.linkedin.com/jobs/view/4452809378,2026-08-19
linkedin,Prévision des ventes,Commercial,Bonum Vinum,"Paris, Île-de-France, France",,https://www.linkedin.com/jobs/view/4455709845,2026-08-19
linkedin,Demand Planner,Market Analyst,ENGIE - International Supply & Energy Management,"La Garenne-Colombes, Île-de-France, France",,https://www.linkedin.com/jobs/view/4455942339,2026-08-19
linkedin,Demand Planner,CDI -Ordonnanceure /Ordonnanceur Industriel(le) – Gestion des Flux et Stocks Stratégiques et Pilote de Projets,ArianeGroup,"Vernon, Normandy, France",,https://www.linkedin.com/jobs/view/4436093113,2026-08-19
linkedin,Demand Planner,CDD - Chargé d'Ordonnancement Prêt-à-Porter Femme (H/F),Hermès,"Pantin, Île-de-France, France",,https://www.linkedin.com/jobs/view/4445163441,2026-08-19
linkedin,Demand Planner,Senior Planner,Clear.,"Paris, Île-de-France, France",,https://www.linkedin.com/jobs/view/4454702409,2026-08-19
linkedin,Contrôleur de gestion retail,CONTROLEUR DE GESTION OPERATIONNEL H/F,Equans France,"Ivry-sur-Seine, Île-de-France, France",,https://www.linkedin.com/jobs/view/4454231440,2026-08-19
linkedin,Contrôleur de gestion retail,CDI - Contrôleur Interne (H/F),Hermès,"Le Pré-St.-Gervais, Île-de-France, France",,https://www.linkedin.com/jobs/view/4445152515,2026-08-19
linkedin,Contrôleur de gestion retail,CHARGÉ DE COORDINATION ÉCONOMIQUE ET BUDGÉTAIRE,IGN - French Mapping Agency (Institut Géographique National),"Saint-Mandé, Île-de-France, France",,https://www.linkedin.com/jobs/view/4373535892,2026-08-19
linkedin,Contrôleur de gestion retail,Business Analyst FP&A - H/F,SEVETYS,"Paris, Île-de-France, France",,https://www.linkedin.com/jobs/view/4445718681,2026-08-19
linkedin,Contrôleur de gestion retail,ADJOINT(E) AU CHEF DU DEPARTEMENT DES AFFAIRES FINANCIERES ET DES MOYENS GENERAUX,ANCOLS,"Puteaux, Île-de-France, France",,https://www.linkedin.com/jobs/view/4454737834,2026-08-19
linkedin,Contrôleur de gestion retail,Gestionnaire de la dépense H/F,Camieg,"Montreuil, Île-de-France, France",,https://www.linkedin.com/jobs/view/4452833340,2026-08-19
linkedin,Data Analyst Retail,TRANSPORT & DATA ANALYST APPRENTICE,Sonoco,"St.-Ouen, Île-de-France, France",,https://www.linkedin.com/jobs/view/4419915791,2026-08-20
linkedin,Data Analyst Retail,Data / Analytics Engineer H/F,NEXTON,"Paris, Île-de-France, France",,https://www.linkedin.com/jobs/view/4455411877,2026-08-20
linkedin,Data Analyst Retail,Graduate data scientist,Bending Spoons,"Paris, Île-de-France, France",,https://www.linkedin.com/jobs/view/4455414034,2026-08-20
linkedin,Data Analyst Retail,Chargé Data & Projets SIRH Junior F/H F/H,VINCI Energies,"Montesson, Île-de-France, France",,https://www.linkedin.com/jobs/view/4456411640,2026-08-20
linkedin,Data Analyst Retail,Apprenti Ingénieur Industrie 4.0 & data BI - (F/H),Thales,"Villebon-sur-Yvette, Île-de-France, France",,https://www.linkedin.com/jobs/view/4446502387,2026-08-20
linkedin,Demand Planner,Stage - Assistant Demand Planner (F/H/X),SEPHORA,"Neuilly-sur-Seine, Île-de-France, France",,https://www.linkedin.com/jobs/view/4456191306,2026-08-20
linkedin,Data Analyst Retail,Growth Marketing Manager,Euro London,,,https://www.linkedin.com/jobs/view/4450141327,2026-08-20
linkedin,Prévision des ventes,Chargé de Gestion et Vente H/F,Feu Vert France,"Lieusaint, Île-de-France, France",,https://www.linkedin.com/jobs/view/4454989760,2026-08-20
linkedin,Prévision des ventes,Collection Merchandiser - Accessoires Homme (F/H),Louis Vuitton,"Paris, Île-de-France, France",,https://www.linkedin.com/jobs/view/4391523143,2026-08-20
linkedin,Prévision des ventes,International Sales Executive,VEJA,"Paris, Île-de-France, France",,https://www.linkedin.com/jobs/view/4456165828,2026-08-20
linkedin,Demand Planner,"Sr Program Manager, EU Supply Chain Long Term Planning, EU LTP",Amazon,"Clichy, Île-de-France, France",,https://www.linkedin.com/jobs/view/4455792970,2026-08-20
linkedin,Demand Planner,"Senior RME Planner, INTL RME",Amazon,"Paris, Île-de-France, France",,https://www.linkedin.com/jobs/view/4455902447,2026-08-20
linkedin,Demand Planner,Planificateur de maintenance (H/F),Amazon,"Senlis, Hauts-de-France, France",,https://www.linkedin.com/jobs/view/4455912234,2026-08-20
linkedin,Demand Planner,CDI - Coordinateur Rétroplanning Industriel Métier Prêt-à-Porter Femme (h/f),Hermès,"Pantin, Île-de-France, France",,https://www.linkedin.com/jobs/view/4436261527,2026-08-20
linkedin,Contrôleur de gestion retail,Contrôleur de Gestion Frais Généraux (H/F),Les Phénix,"Paris, Île-de-France, France",,https://www.linkedin.com/jobs/view/4446740392,2026-08-20
linkedin,Contrôleur de gestion retail,Contrôleur de gestion H/F,Centre de Ressources Territorial de Chelles – Adef Résidences,"Ivry-sur-Seine, Île-de-France, France",,https://www.linkedin.com/jobs/view/4456334744,2026-08-20
linkedin,Contrôleur de gestion retail,Responsable budgétaire et comptable (F/H),VAL Courbevoie,"Courbevoie, Île-de-France, France",,https://www.linkedin.com/jobs/view/4455426109,2026-08-20
linkedin,Data Analyst Retail,Data analytics Engineer senior,EVA - Esports Virtual Arenas,"Paris, Île-de-France, France",,https://www.linkedin.com/jobs/view/4456018830,2026-08-21
linkedin,Data Analyst Retail,Data Scientist (F/H),Groupe BPCE,"Paris, Île-de-France, France",,https://www.linkedin.com/jobs/view/4454109929,2026-08-21
linkedin,Data Analyst Retail,ESG Data Manager F/H,KNDS France,"Versailles, Île-de-France, France",,https://www.linkedin.com/jobs/view/4445004314,2026-08-21
linkedin,Prévision des ventes,Analyste des Ventes (F/H),L'EQUIPE,"Boulogne-Billancourt, Île-de-France, France",,https://www.linkedin.com/jobs/view/4440022821,2026-08-21
linkedin,Prévision des ventes,Chef de Secteur Paris F/H,The HEINEKEN Company,"Paris, Île-de-France, France",,https://www.linkedin.com/jobs/view/4456016455,2026-08-21
linkedin,Demand Planner,Gestionnaire Approvisionnements (H/F),EvoluPharm,"Auneuil, Hauts-de-France, France",,https://www.linkedin.com/jobs/view/4456091643,2026-08-21
linkedin,Contrôleur de gestion retail,Contrôleur de gestion/Contrôleuse de gestion,BY TERRY,"Paris, Île-de-France, France",,https://www.linkedin.com/jobs/view/4454123352,2026-08-21
linkedin,Contrôleur de gestion retail,Contrôleur de gestion F/H,Enedis,"Noisy-le-Grand, Île-de-France, France",,https://www.linkedin.com/jobs/view/4446594779,2026-08-21
linkedin,Contrôleur de gestion retail,Store Manager - La Vallée Village (H/F),HUGO BOSS,"Serris, Île-de-France, France",,https://www.linkedin.com/jobs/view/4457018412,2026-08-21
linkedin,Data Analyst Retail,Analyste ESG et Performance Durable Junior,Proxis Développement,"Levallois-Perret, Île-de-France, France",,https://www.linkedin.com/jobs/view/4457352926,2026-08-22
linkedin,Prévision des ventes,Technico-commercial sédentaire,Kobold Instrumentation,"Saint-Ouen-l’Aumône, Île-de-France, France",,https://www.linkedin.com/jobs/view/4457302851,2026-08-22
linkedin,Prévision des ventes,CDI - Senior Sales Advisor H/F,Vhernier Group,"Paris, Île-de-France, France",,https://www.linkedin.com/jobs/view/4447133161,2026-08-22
linkedin,Prévision des ventes,Conseiller de Vente & Gestionnaire de Pièces de Rechange Automobile,VAUBAN AUTOMOBILE,"St.-Germain-en-Laye, Île-de-France, France",,https://www.linkedin.com/jobs/view/4454178966,2026-08-22
linkedin,Demand Planner,Gestionnaire Approvisionnements (H/F),EvoluPharm,"Auneuil, Hauts-de-France, France",,https://www.linkedin.com/jobs/view/4456634191,2026-08-22
linkedin,Demand Planner,STAGE – Key Account Supply – Janvier / Mars 2027 (H/F),Danone,"Rueil-Malmaison, Île-de-France, France",,https://www.linkedin.com/jobs/view/4457315696,2026-08-22
linkedin,Demand Planner,Responsable de Magasin,Écouter Voir,"Pithiviers, Centre-Val de Loire, France",,https://www.linkedin.com/jobs/view/4457357084,2026-08-22
linkedin,Contrôleur de gestion retail,Commercial Director,Unbound Talent UK,"Paris, Île-de-France, France",,https://www.linkedin.com/jobs/view/4457355054,2026-08-22
linkedin,Contrôleur de gestion retail,Commercial Director,Neve Jewels Group,"Paris, Île-de-France, France",,https://www.linkedin.com/jobs/view/4457081945,2026-08-22
linkedin,Contrôleur de gestion retail,Financial Controller Manager,ChapsVision,"Paris, Île-de-France, France",,https://www.linkedin.com/jobs/view/4437079597,2026-08-22
linkedin,Contrôleur de gestion retail,Contrôleur de Gestion Senior (H/F),DERICHEBOURG Multiservices,"Créteil, Île-de-France, France",,https://www.linkedin.com/jobs/view/4456094917,2026-08-22
linkedin,Data Analyst Retail,Mécénat de compétences : Contrôleur·se de gestion Data et Indicateurs pour les Restos du coeur - siège national 75,Tous Bénévoles,"Paris, Île-de-France, France",,https://www.linkedin.com/jobs/view/4456680732,2026-08-23
linkedin,Data Analyst Retail,Data Analyst Product (H/F/X),Kolecto,"Paris, Île-de-France, France",,https://www.linkedin.com/jobs/view/4429550855,2026-08-23
linkedin,Data Analyst Retail,Product Analytics - Data Scientist,Criteo,"Paris, Île-de-France, France",,https://www.linkedin.com/jobs/view/4390824195,2026-08-24
linkedin,Data Analyst Retail,Business Analyst Data (H/F),Sibylone,"Paris, Île-de-France, France",,https://www.linkedin.com/jobs/view/4360871133,2026-08-24
linkedin,Data Analyst Retail,Data Analyst / Power BI Senior (F/H),ACT-ON DATA,"Neuilly-sur-Seine, Île-de-France, France",,https://www.linkedin.com/jobs/view/4380951090,2026-08-24
linkedin,Data Analyst Retail,Business Analyst / Consultant E-Commerce (H/F),SQLI,"Levallois-Perret, Île-de-France, France",,https://www.linkedin.com/jobs/view/4390330065,2026-08-24
linkedin,Data Analyst Retail,Stage Data analyst Opérations F/H,Monoprix,"Clichy, Île-de-France, France",,https://www.linkedin.com/jobs/view/4379185993,2026-08-24
linkedin,Prévision des ventes,Commercial BTP H/F,Alveor,"Poissy, Île-de-France, France",,https://www.linkedin.com/jobs/view/4458168257,2026-08-24
linkedin,Demand Planner,Responsable commande et achats magasin,Intermarché,"Paris, Île-de-France, France",,https://www.linkedin.com/jobs/view/4458179154,2026-08-24
linkedin,Data Analyst Retail,Data Analyst Junior (H/F/X),Qwant,"Paris, Île-de-France, France",,https://www.linkedin.com/jobs/view/4455892504,2026-08-25
linkedin,Demand Planner,Data Analyst H/F,Oventi,"Paris, Île-de-France, France",,https://www.linkedin.com/jobs/view/4458240157,2026-08-25
linkedin,Data Analyst Retail,Data Analyst confirmé Pricing H/F,Oventi,"Paris, Île-de-France, France",,https://www.linkedin.com/jobs/view/4458226979,2026-08-25
linkedin,Data Analyst Retail,Data Analyst Confirmé(e) / Médias / Up to 60K,LITY,"Paris, Île-de-France, France",,https://www.linkedin.com/jobs/view/4458233357,2026-08-25
linkedin,Data Analyst Retail,Data Specialist H/F,LOSAM,"Paris, Île-de-France, France",,https://www.linkedin.com/jobs/view/4456893276,2026-08-25
linkedin,Data Analyst Retail,Data Analytics Engineer,pasteque.io,,,https://www.linkedin.com/jobs/view/4456881857,2026-08-25
linkedin,Data Analyst Retail,Analytics Engineer,Pluxee,"Issy-les-Moulineaux, Île-de-France, France",,https://www.linkedin.com/jobs/view/4455870051,2026-08-25
linkedin,Data Analyst Retail,Data Analyst Banque expérimenté (H/F),Alteca,"Paris, Île-de-France, France",,https://www.linkedin.com/jobs/view/4455863795,2026-08-25
linkedin,Data Analyst Retail,Alternance – Data Analyst (H/F),Alltricks,"Montigny-le-Bretonneux, Île-de-France, France",,https://www.linkedin.com/jobs/view/4456876625,2026-08-25
linkedin,Data Analyst Retail,Data Engineer,Unlimitail,"Paris, Île-de-France, France",,https://www.linkedin.com/jobs/view/4456891977,2026-08-25
linkedin,Prévision des ventes,"Sales Representative (Department 91, 77)",Revlon,"Paris, Île-de-France, France",,https://www.linkedin.com/jobs/view/4457111339,2026-08-25
linkedin,Prévision des ventes,Zone Manager Vente et qualité région Centre-Est,Toyota Compiègne Gueudet 1880,"Vaucresson, Île-de-France, France",,https://www.linkedin.com/jobs/view/4456503549,2026-08-25
linkedin,Prévision des ventes,Gestionnaire des ventes Export,Impactup,"Île-de-France, France",,https://www.linkedin.com/jobs/view/4455884336,2026-08-25
linkedin,Prévision des ventes,Attaché commercial/Attachée commerciale,H4 Wyndham Paris Pleyel,,,https://www.linkedin.com/jobs/view/4458218801,2026-08-25
linkedin,Prévision des ventes,Attaché/-e commecial CDD - H/F,Motel One Group,"Issy-les-Moulineaux, Île-de-France, France",,https://www.linkedin.com/jobs/view/4442865039,2026-08-25
linkedin,Prévision des ventes,Sales Enablement Associate (Chargé(e) d'efficacité commerciale) - France,Huron,"Paris, Île-de-France, France",,https://www.linkedin.com/jobs/view/4456526005,2026-08-25
linkedin,Prévision des ventes,Commercial habitat H/F - Débutant accepté,Ben Touch,"Chartres, Centre-Val de Loire, France",,https://www.linkedin.com/jobs/view/4456886885,2026-08-25
linkedin,Prévision des ventes,Conseiller de Vente H/F,Printemps,"Vélizy-Villacoublay, Île-de-France, France",,https://www.linkedin.com/jobs/view/4456897787,2026-08-25
linkedin,Prévision des ventes,Assistant Technico-Commercial H/F,Harmonie Mutuelle,"Paris, Île-de-France, France",,https://www.linkedin.com/jobs/view/4458213188,2026-08-25
linkedin,Prévision des ventes,Technico-commercial multi produits 77-10-89 (H/F),LSA Commerce & Consommation,"Melun, Île-de-France, France",,https://www.linkedin.com/jobs/view/4455874510,2026-08-25
linkedin,Demand Planner,Planification de production (H/F),AWAKE Group x INNOVATEAM,"Hauts-de-Seine, Île-de-France, France",,https://www.linkedin.com/jobs/view/4455886312,2026-08-25
linkedin,Demand Planner,𝐒𝐭𝐚𝐠𝐢𝐚𝐢𝐫𝐞 𝐀𝐃𝐕 & 𝐒𝐮𝐩𝐩𝐥𝐲 𝐂𝐡𝐚𝐢𝐧 (𝐇/𝐅) — 𝟔 𝐦𝐨𝐢𝐬,Les Menus du Monde,,,https://www.linkedin.com/jobs/view/4458184046,2026-08-25
linkedin,Demand Planner,Stagiaire Assistant(e) Business Performance Analyst Prêt-à-porter (F/H) - Janvier 2027,Louis Vuitton,"Paris, Île-de-France, France",,https://www.linkedin.com/jobs/view/4458186432,2026-08-25
linkedin,Demand Planner,Acheteur Senior Marché PAC & Solutions Énergétiques F/H,BUTAGAZ,"Levallois-Perret, Île-de-France, France",,https://www.linkedin.com/jobs/view/4458208417,2026-08-25
linkedin,Contrôleur de gestion retail,Contrôleur de Gestion Promotion Immobilière H/F,Groupe Pichet,"Paris, Île-de-France, France",,https://www.linkedin.com/jobs/view/4445890302,2026-08-25
linkedin,Contrôleur de gestion retail,Contrôleur Financier Groupe H/F,INDIGO Group,"Puteaux, Île-de-France, France",,https://www.linkedin.com/jobs/view/4458164513,2026-08-25
linkedin,Contrôleur de gestion retail,Contrôleur Financier H/F,CFAO,"Boulogne-Billancourt, Île-de-France, France",,https://www.linkedin.com/jobs/view/4456899274,2026-08-25
linkedin,Contrôleur de gestion retail,Contrôleur de gestion - Génie Civil - CDI F/H,Eiffage Génie Civil,"Limeil-Brévannes, Île-de-France, France",,https://www.linkedin.com/jobs/view/4417969436,2026-08-25
linkedin,Contrôleur de gestion retail,Responsable contrôle de gestion sociale (F/H) Média-participations - Pluriad,Média-Participations,"Paris, Île-de-France, France",,https://www.linkedin.com/jobs/view/4455876784,2026-08-25
linkedin,Contrôleur de gestion retail,Responsable administratif et financier F/H,VINCI Construction France,"Livry-Gargan, Île-de-France, France",,https://www.linkedin.com/jobs/view/4458544523,2026-08-25
linkedin,Data Analyst Retail,Supply Chain Data Analyst-e  F/H,Safran,"Corbeil-Essonnes, Île-de-France, France",,https://www.linkedin.com/jobs/view/4456904349,2026-08-26
linkedin,Contrôleur de gestion retail,"Senior Consultant – Consumer Goods, Retail & Luxury",PPT Consulting,"Paris, Île-de-France, France",,https://www.linkedin.com/jobs/view/4457648986,2026-08-26
linkedin,Data Analyst Retail,Stage ou Alternance - Data Analyst H/F,Verallia France,"Courbevoie, Île-de-France, France",,https://www.linkedin.com/jobs/view/4456922654,2026-08-26
linkedin,Contrôleur de gestion retail,SENIOR RETAIL MERCHANDISER EUROPE,Christian Dior Couture,"Paris, Île-de-France, France",,https://www.linkedin.com/jobs/view/4390388812,2026-08-26
linkedin,Data Analyst Retail,Contrôleur de gestion & Data confirmé - H/F,CA-SILCA,"Paris, Île-de-France, France",,https://www.linkedin.com/jobs/view/4457654745,2026-08-26
linkedin,Data Analyst Retail,Data Business Process & Automation Lead,Stellantis,"Poissy, Île-de-France, France",,https://www.linkedin.com/jobs/view/4432347512,2026-08-26
linkedin,Data Analyst Retail,Consultant – Data Analyst,Sia,"Paris, Île-de-France, France",,https://www.linkedin.com/jobs/view/4456909326,2026-08-26
linkedin,Prévision des ventes,Associate Business Manager,Sotheby's,"Paris, Île-de-France, France",,https://www.linkedin.com/jobs/view/4458786799,2026-08-26
linkedin,Prévision des ventes,Responsable des Ventes (H/F),UPTOO,"Paris, Île-de-France, France",,https://www.linkedin.com/jobs/view/4457481526,2026-08-26
linkedin,Prévision des ventes,Commercial/Commerciale,Sodexo Live!,"Paris, Île-de-France, France",,https://www.linkedin.com/jobs/view/4458768678,2026-08-26
linkedin,Prévision des ventes,CDI - RESPONSABLE REGIONAL LONGINES - PARIS H/F,Longines Watch Co. Francillon Ltd.,"Paris, Île-de-France, France",,https://www.linkedin.com/jobs/view/4456964581,2026-08-26
linkedin,Prévision des ventes,Commercial/Commerciale,Side,,,https://www.linkedin.com/jobs/view/4458789385,2026-08-26
linkedin,Prévision des ventes,VENDEUR CONSEIL - CDI H/F,Boulanger,"Thiais, Île-de-France, France",,https://www.linkedin.com/jobs/view/4458774867,2026-08-26
linkedin,Prévision des ventes,Conseillère/Conseiller en vente et en aménagement - Melun,Leroy Merlin,"Seine-Port, Île-de-France, France",,https://www.linkedin.com/jobs/view/4450866279,2026-08-26
linkedin,Prévision des ventes,Ingénieur Commercial Collectivité - Marché Public & Privé F/H,ERYMA SECURITY SYSTEMS,"Bièvres, Île-de-France, France",,https://www.linkedin.com/jobs/view/4458739249,2026-08-26
linkedin,Prévision des ventes,Business Operations & Performance Manager - F/H,addactis,"Paris, Île-de-France, France",,https://www.linkedin.com/jobs/view/4458739430,2026-08-26
linkedin,Prévision des ventes,Conseiller de Vente H/F,Printemps,"Vélizy-Villacoublay, Île-de-France, France",,https://www.linkedin.com/jobs/view/4457450491,2026-08-26
linkedin,Prévision des ventes,Concepteur/Vendeur H/F - Boulogne Billancourt,Heytens,"Boulogne-Billancourt, Île-de-France, France",,https://www.linkedin.com/jobs/view/4457620472,2026-08-26
linkedin,Demand Planner,Assistant.e Distribution Planner - Alternance Septembre 2026,Etam,"Clichy, Île-de-France, France",,https://www.linkedin.com/jobs/view/4457608008,2026-08-26
linkedin,Demand Planner,Pilote de Flux Parfums & Cosmetiques - CDI - H/F,Lagardère Travel Retail,"Levallois-Perret, Île-de-France, France",,https://www.linkedin.com/jobs/view/4440573104,2026-08-26
linkedin,Demand Planner,Pilote Supply Chain (H/F) - Automobile Défense,ATEXIS,"Guyancourt, Île-de-France, France",,https://www.linkedin.com/jobs/view/4458701558,2026-08-26
linkedin,Demand Planner,Supply Chain Data Analyst-e  F/H,Safran,"Corbeil-Essonnes, Île-de-France, France",,https://www.linkedin.com/jobs/view/4456911203,2026-08-26
linkedin,Contrôleur de gestion retail,RESPONSABLE CONTROLE DE GESTION - CDI (F/H),BMW Group,"Montigny-le-Bretonneux, Île-de-France, France",,https://www.linkedin.com/jobs/view/4458765816,2026-08-26
linkedin,Contrôleur de gestion retail,Responsable Commerce F/H,Auchan Retail,"Vigneux-sur-Seine, Île-de-France, France",,https://www.linkedin.com/jobs/view/4456927222,2026-08-26
linkedin,Contrôleur de gestion retail,Retail Coordinator Northern Europe - H/F,Isabel Marant,"Île-de-France, France",,https://www.linkedin.com/jobs/view/4458766075,2026-08-26
linkedin,Contrôleur de gestion retail,"Cheffe, Chef de département mode beauté",Monoprix,"Paris, Île-de-France, France",,https://www.linkedin.com/jobs/view/4447996251,2026-08-26
linkedin,Contrôleur de gestion retail,"Cheffe, Chef de département mode beauté",Monoprix,"Le Vésinet, Île-de-France, France",,https://www.linkedin.com/jobs/view/4447979553,2026-08-26
linkedin,Contrôleur de gestion retail,"Senior Manager, Retail Operations",Fanatics,"Paris, Île-de-France, France",,https://www.linkedin.com/jobs/view/4448288170,2026-08-26
linkedin,Contrôleur de gestion retail,Responsable Secteur adjointe- Boulangerie F/H,Hmarket Supermarchés,"Villeneuve-St.-Georges, Île-de-France, France",,https://www.linkedin.com/jobs/view/4458758973,2026-08-26
linkedin,Contrôleur de gestion retail,Responsable secteur - Fruits et légumes F/H,Hmarket Supermarchés,"Vert-St-Denis, Île-de-France, France",,https://www.linkedin.com/jobs/view/4458763876,2026-08-26
linkedin,Contrôleur de gestion retail,Responsable Boutique F/H,Aroma-Zone,"Villeneuve-la-Garenne, Île-de-France, France",,https://www.linkedin.com/jobs/view/4458793249,2026-08-26
linkedin,Data Analyst Retail,Data analyst SIG,act digital EMEA - Alter Solutions,"Paris, Île-de-France, France",,https://www.linkedin.com/jobs/view/4457731601,2026-08-27
linkedin,Data Analyst Retail,"Analytics Engineer, Finance and Modeling",Cozi,"Paris, Île-de-France, France",,https://www.linkedin.com/jobs/view/4457756067,2026-08-27
linkedin,Data Analyst Retail,"Analytics Engineer, Finance and Modeling",Spectrum Equity,"Paris, Île-de-France, France",,https://www.linkedin.com/jobs/view/4458645151,2026-08-27
linkedin,Data Analyst Retail,Stage - Assistant(e) International Retail Performance - Janvier 2027,Parfums Christian Dior,"Neuilly-sur-Seine, Île-de-France, France",,https://www.linkedin.com/jobs/view/4441210061,2026-08-27
linkedin,Data Analyst Retail,Stage consultant Grande Distribution,Vusion,"Paris, Île-de-France, France",,https://www.linkedin.com/jobs/view/4457788701,2026-08-27
linkedin,Prévision des ventes,BTQ Assistant Manager,BREITLING,"Paris, Île-de-France, France",,https://www.linkedin.com/jobs/view/4458006277,2026-08-27
linkedin,Demand Planner,Lead Pilote de Flux F/H,Fed Supply,"Levallois-Perret, Île-de-France, France",,https://www.linkedin.com/jobs/view/4458374100,2026-08-27
linkedin,Contrôleur de gestion retail,Store manager,Lunettes Pour Tous,"Paris, Île-de-France, France",,https://www.linkedin.com/jobs/view/4459688674,2026-08-27
linkedin,Contrôleur de gestion retail,Responsable de Magasin d'Optique,Talents Business,"Paris, Île-de-France, France",,https://www.linkedin.com/jobs/view/4457997392,2026-08-27
linkedin,Contrôleur de gestion retail,Financial Controller - International Perimeter,Alan,"Paris, Île-de-France, France",,https://www.linkedin.com/jobs/view/4431747051,2026-08-27
linkedin,Data Analyst Retail,Consultant.e BI & Data Analyst MicroStrategy (F/H),METALINE,"Châtillon, Île-de-France, France",,https://www.linkedin.com/jobs/view/4458993436,2026-08-28
linkedin,Data Analyst Retail,Senior Product Data Analyst,Doctrine,"Paris, Île-de-France, France",,https://www.linkedin.com/jobs/view/4441216995,2026-08-28
linkedin,Data Analyst Retail,CHARGE(E) DE PROJETS Data & Pilotage de la performance commerciale - Paris 17ème H/F,Rexel Southern,"Paris, Île-de-France, France",,https://www.linkedin.com/jobs/view/4458022586,2026-08-28
linkedin,Prévision des ventes,Sales Manager - Galeries Lafayette (F/H),DOLCE&GABBANA,"Paris, Île-de-France, France",,https://www.linkedin.com/jobs/view/4438413394,2026-08-28
linkedin,Prévision des ventes,GESTIONNAIRE ADV,Wonderbox,"Paris, Île-de-France, France",,https://www.linkedin.com/jobs/view/4460319005,2026-08-28
linkedin,Prévision des ventes,Manager relation client et vente,Centre Aquatique du Valois,"Crépy-en-Valois, Hauts-de-France, France",,https://www.linkedin.com/jobs/view/4458992015,2026-08-28
linkedin,Prévision des ventes,DIRECTEUR COMMERCIAL TERRITORIAL H/F,ICADE,"Puteaux, Île-de-France, France",,https://www.linkedin.com/jobs/view/4441181815,2026-08-28
linkedin,Demand Planner,Product Coordinator,Univar Solutions,"Montreuil, Île-de-France, France",,https://www.linkedin.com/jobs/view/4460361733,2026-08-28
linkedin,Demand Planner,CDI-ONLINE CATEGORY MANAGER H/F,MARIONNAUD,"Paris, Île-de-France, France",,https://www.linkedin.com/jobs/view/4407852236,2026-08-28
linkedin,Contrôleur de gestion retail,"Moncler Retail Coordinator France, Belgium, Geneva & Middle East",BoF Careers,"Paris, Île-de-France, France",,https://www.linkedin.com/jobs/view/4458942717,2026-08-28
linkedin,Contrôleur de gestion retail,Manager de département H/F,Coopérative U,"Noisiel, Île-de-France, France",,https://www.linkedin.com/jobs/view/4460318985,2026-08-28
linkedin,Contrôleur de gestion retail,Contrôleuse/ contrôleur financier européen – Infrastructure & Campus Life F/H,ESCP,"Paris, Île-de-France, France",,https://www.linkedin.com/jobs/view/4460353082,2026-08-28
linkedin,Contrôleur de gestion retail,Contrôleuse/ contrôleur Financier Européen - B.U Formation Initiale F/H,ESCP,"Levallois-Perret, Île-de-France, France",,https://www.linkedin.com/jobs/view/4460361029,2026-08-28
linkedin,Prévision des ventes,Revenue Ops / Sales Ops,Kano – Sales & Revenue Ops,"Paris, Île-de-France, France",,https://www.linkedin.com/jobs/view/4458974608,2026-08-29
linkedin,Prévision des ventes,Chef de secteur GMS Paris Sud,Newell Brands,"Paris, Île-de-France, France",,https://www.linkedin.com/jobs/view/4460328650,2026-08-29
linkedin,Prévision des ventes,Commercial terrain BtoB - Variable déplafonné - en CDI (H/F),SCT,"Beauvais, Hauts-de-France, France",,https://www.linkedin.com/jobs/view/4459430415,2026-08-29
linkedin,Data Analyst Retail,Mission nationale - Analyste données Process mining - F/H,Urssaf Caisse nationale,"Montreuil, Île-de-France, France",,https://www.linkedin.com/jobs/view/4441492142,2026-08-30
linkedin,Prévision des ventes,Technico-commercial.e confirmé.e en protection incendie (sprinkleur) F/H,VINCI Energies,"Frépillon, Île-de-France, France",,https://www.linkedin.com/jobs/view/4460819654,2026-08-30
linkedin,Contrôleur de gestion retail,Contrôleur de Gestion Offres et Projets F/H,Thales,"Vélizy-Villacoublay, Île-de-France, France",,https://www.linkedin.com/jobs/view/4343761218,2026-08-30
linkedin,Contrôleur de gestion retail,Finance Controller Europe - (92) - H/F,Coloplast,"Le Plessis-Robinson, Île-de-France, France",,https://www.linkedin.com/jobs/view/4323175654,2026-08-30
linkedin,Data Analyst Retail,Data Analyst GCP – Optimisation d'un Outil de Prédiction (H/F),ALTEN,"Boulogne-Billancourt, Île-de-France, France",,https://www.linkedin.com/jobs/view/4459777904,2026-08-31
linkedin,Demand Planner,Footwear Product Merchandising Manager Men's (F/H),Lacoste,"Paris, Île-de-France, France",,https://www.linkedin.com/jobs/view/4346653750,2026-08-31
linkedin,Contrôleur de gestion retail,Responsable De Succursale (60% comptabilité/finance) / Mode/ espagnol courant 70 KE,Approach People Recruitment,,,https://www.linkedin.com/jobs/view/4461068618,2026-08-31
linkedin,Contrôleur de gestion retail,Responsable Adjoint(e) -  CDI 35h - Créteil Soleil,Rituals France (B Corp™),"Créteil, Île-de-France, France",,https://www.linkedin.com/jobs/view/4383327816,2026-08-31
linkedin,Data Analyst Retail,Data Analyst Confirmé(e) / Senior,Tenth Revolution Group,,,https://www.linkedin.com/jobs/view/4351334183,2026-09-01
linkedin,Data Analyst Retail,Junior business data scientist - Marketing & commercial effectiveness,Ekimetrics,"Paris, Île-de-France, France",,https://www.linkedin.com/jobs/view/4461202168,2026-09-01
linkedin,Data Analyst Retail,Campaign Success Management & Growth Analyst (m/f/d),Hager,,,https://www.linkedin.com/jobs/view/4452181849,2026-09-01
linkedin,Data Analyst Retail,ANALYSTE MDM H/F,GEODIS,"Levallois-Perret, Île-de-France, France",,https://www.linkedin.com/jobs/view/4460257475,2026-09-01
linkedin,Data Analyst Retail,Apprentice – Product Marketing Analyst (m/f),Valeo,"Cergy, Île-de-France, France",,https://www.linkedin.com/jobs/view/4385568267,2026-09-01
linkedin,Data Analyst Retail,analyst-Revenue Management,Sheraton Hotels & Resorts,"Belloy-en-France, Île-de-France, France",,https://www.linkedin.com/jobs/view/4460208739,2026-09-01
linkedin,Data Analyst Retail,Stage – Assistant(e) Business Analyst (Business Development) – Janvier 2027 (6 mois),Parfums Christian Dior,"Neuilly-sur-Seine, Île-de-France, France",,https://www.linkedin.com/jobs/view/4461220066,2026-09-01
linkedin,Data Analyst Retail,Renfort Pilotage Entreprise Retraite,Free-Work,"Paris, Île-de-France, France",,https://www.linkedin.com/jobs/view/4459252063,2026-09-01
linkedin,Data Analyst Retail,Stage Promotion manager & Business Analyst F/H,Nestlé,"Issy-les-Moulineaux, Île-de-France, France",,https://www.linkedin.com/jobs/view/4461503805,2026-09-01
linkedin,Prévision des ventes,Business Developer Junior New Business,Hydratis,"Paris, Île-de-France, France",,https://www.linkedin.com/jobs/view/4461214055,2026-09-01
linkedin,Prévision des ventes,CDI - Attaché Commercial IDF EST F/H - Melvita,L'OCCITANE Group (B Corp),"Paris, Île-de-France, France",,https://www.linkedin.com/jobs/view/4461065745,2026-09-01
linkedin,Prévision des ventes,TELEVENDEUR- H/F,POMONA,"Thiais, Île-de-France, France",,https://www.linkedin.com/jobs/view/4461077949,2026-09-01
linkedin,Prévision des ventes,Key Leader | Paris Beaugrenelle,lululemon,"Paris, Île-de-France, France",,https://www.linkedin.com/jobs/view/4440167283,2026-09-01
linkedin,Prévision des ventes,Responsable Adjoint Département - ROISSY (F/H),Christian Dior Couture,"Paris, Île-de-France, France",,https://www.linkedin.com/jobs/view/4427096253,2026-09-01
linkedin,Prévision des ventes,CDI - Conseiller de Vente H/F - La Vallée Village,TOD'S,"Paris, Île-de-France, France",,https://www.linkedin.com/jobs/view/4448183802,2026-09-01
linkedin,Prévision des ventes,Analyste Pricing B2B et Origination,TotalEnergies,"Paris, Île-de-France, France",,https://www.linkedin.com/jobs/view/4461221651,2026-09-01
linkedin,Prévision des ventes,Conseiller de vente (H/F),Caravane,"Paris, Île-de-France, France",,https://www.linkedin.com/jobs/view/4459214474,2026-09-01
linkedin,Prévision des ventes,Regional Sales Manager,OPSWAT,"Paris, Île-de-France, France",,https://www.linkedin.com/jobs/view/4424562336,2026-09-01
linkedin,Prévision des ventes,Sales Associate,Coach,"Serris, Île-de-France, France",,https://www.linkedin.com/jobs/view/4449520377,2026-09-01
linkedin,Prévision des ventes,Business Development Representative  - French,HubSpot,"Paris, Île-de-France, France",,https://www.linkedin.com/jobs/view/4460380181,2026-09-01
linkedin,Demand Planner,CDI - TECHNICIEN PLANIFICATION SOUS-TRAITANCE - PARFUMS BEAUTE - H/F/X,CHANEL,"Compiègne, Hauts-de-France, France",,https://www.linkedin.com/jobs/view/4384256565,2026-09-01
linkedin,Contrôleur de gestion retail,Contrôleur de gestion Groupe,ITQ GROUP,"Serris, Île-de-France, France",,https://www.linkedin.com/jobs/view/4433918653,2026-09-01
linkedin,Contrôleur de gestion retail,Contrôleur de Gestion BPE/Industrie H/F - Point.P,Saint-Gobain,"Courbevoie, Île-de-France, France",,https://www.linkedin.com/jobs/view/4459283419,2026-09-01
linkedin,Contrôleur de gestion retail,Alternance Category Manager Junior Vins H/F,Monoprix,"Clichy, Île-de-France, France",,https://www.linkedin.com/jobs/view/4460058695,2026-09-01
linkedin,Contrôleur de gestion retail,"Global Commercial Finance and Transformation Lead (F, M, X)",Opella,"Neuilly-sur-Seine, Île-de-France, France",,https://www.linkedin.com/jobs/view/4461086753,2026-09-01
linkedin,Contrôleur de gestion retail,District Manager,NEW YORKER,"Sainte-Geneviève-des-Bois, Île-de-France, France",,https://www.linkedin.com/jobs/view/4460027123,2026-09-01
linkedin,Contrôleur de gestion retail,Responsable de Boutique,TRANCHÉ,"Paris, Île-de-France, France",,https://www.linkedin.com/jobs/view/4460050912,2026-09-01
linkedin,Contrôleur de gestion retail,UNIQLO Management Candidate Graduate Programme - France 2027,UNIQLO,"Paris, Île-de-France, France",,https://www.linkedin.com/jobs/view/4448514858,2026-09-01
linkedin,Contrôleur de gestion retail,Contrôleur interne et risques F/H/NB,Maison Francis Kurkdjian,"Paris, Île-de-France, France",,https://www.linkedin.com/jobs/view/4451528052,2026-09-01
linkedin,Contrôleur de gestion retail,FP&A Manager,Quadient,"Bagneux, Île-de-France, France",,https://www.linkedin.com/jobs/view/4460015770,2026-09-01
linkedin,Contrôleur de gestion retail,Contrôleur de gestion - Génie Civil - CDI F/H,Eiffage Génie Civil,"Vélizy-Villacoublay, Île-de-France, France",,https://www.linkedin.com/jobs/view/4459244182,2026-09-01
linkedin,Data Analyst Retail,Data Analyst / BI - Industrie - Le Plessis Robinson,CS GROUP,"Le Plessis-Robinson, Île-de-France, France",,https://www.linkedin.com/jobs/view/4462153265,2026-09-02
linkedin,Data Analyst Retail,Data Analyst,SoTalent,"Boulogne-Billancourt, Île-de-France, France",,https://www.linkedin.com/jobs/view/4459525886,2026-09-02
linkedin,Data Analyst Retail,CDD - Data Manager H/F,Hermès,"Bobigny, Île-de-France, France",,https://www.linkedin.com/jobs/view/4406641293,2026-09-02
linkedin,Data Analyst Retail,Consultant(e) Power BI / Expérimenté (F/H),BSD Business Solutions & Data,"Paris, Île-de-France, France",,https://www.linkedin.com/jobs/view/4459534141,2026-09-02
linkedin,Data Analyst Retail,Business Analyst Data (h/f),emagine,"La Garenne-Colombes, Île-de-France, France",,https://www.linkedin.com/jobs/view/4460646327,2026-09-02
linkedin,Data Analyst Retail,Energy Markets - France (CDD),Axle Energy,"Paris, Île-de-France, France",,https://www.linkedin.com/jobs/view/4462034854,2026-09-02
linkedin,Data Analyst Retail,Stage - Business Analyst - BYREDO,Puig,"Paris, Île-de-France, France",,https://www.linkedin.com/jobs/view/4459545203,2026-09-02
linkedin,Data Analyst Retail,Data analyste informatique Technico-Fonctionnel (F/H) (IT) / Freelance,Free-Work,"Paris, Île-de-France, France",,https://www.linkedin.com/jobs/view/4459533299,2026-09-02
linkedin,Prévision des ventes,Consultant Avant-Vente DELL F/H,Enosi RH,,,https://www.linkedin.com/jobs/view/4458886348,2026-09-02
linkedin,Prévision des ventes,Assistant commercial / ADV technique H/F,Hays,"Asnières-sur-Seine, Île-de-France, France",,https://www.linkedin.com/jobs/view/4459543056,2026-09-02
linkedin,Prévision des ventes,Sales Manager - Home & Personal Care,Amcor,"Paris, Île-de-France, France",,https://www.linkedin.com/jobs/view/4461758895,2026-09-02
linkedin,Prévision des ventes,Sales Manager (Lifestyle and Sport),HADDAD BRANDS EUROPE,"Seine-St.-Denis, Île-de-France, France",,https://www.linkedin.com/jobs/view/4462152265,2026-09-02
linkedin,Prévision des ventes,Commercial(e) CDI - Paris/Île de France,JNPR Spirits,,,https://www.linkedin.com/jobs/view/4462149237,2026-09-02
linkedin,Prévision des ventes,COMPTE-CLE NATIONAL GMS,AB InBev,"Paris, Île-de-France, France",,https://www.linkedin.com/jobs/view/4461744094,2026-09-02
linkedin,Prévision des ventes,Conseiller de vente (h/f),Groupe Yannick Alléno,"Paris, Île-de-France, France",,https://www.linkedin.com/jobs/view/4459565863,2026-09-02
linkedin,Prévision des ventes,Technico-commmercial(e) H/F,E-L-P,"Île-de-France, France",,https://www.linkedin.com/jobs/view/4446614046,2026-09-02
linkedin,Prévision des ventes,Regional Commercial Manager LS&S (m/f/d),DuPont,"Paris, Île-de-France, France",,https://www.linkedin.com/jobs/view/4448057232,2026-09-02
linkedin,Demand Planner,"Responsable Prévisions des Ventes Senior, CDD, H/F",PepsiCo,"Colombes, Île-de-France, France",,https://www.linkedin.com/jobs/view/4459587100,2026-09-02
linkedin,Demand Planner,Data Scientist Senior - IA et Optimisation Tarifaire (H/F),Free-Work,"Massy, Île-de-France, France",,https://www.linkedin.com/jobs/view/4460908561,2026-09-02
linkedin,Demand Planner,Aviation Logistics and Materials Coordinator (Le Bourget),Bombardier,"Paris, Île-de-France, France",,https://www.linkedin.com/jobs/view/4461734311,2026-09-02
linkedin,Demand Planner,Footwear Product Merchandising Manager Women's (F/H),Lacoste,"Paris, Île-de-France, France",,https://www.linkedin.com/jobs/view/4346606234,2026-09-02
linkedin,Demand Planner,Assistant logistique F/H,Synergie France,"Margny-lès-Compiègne, Hauts-de-France, France",,https://www.linkedin.com/jobs/view/4459572722,2026-09-02
linkedin,Demand Planner,Data Scientist Senior – Forecasting / Séries Temporelles (IT) / Freelance,Free-Work,"Roissy-en-France, Île-de-France, France",,https://www.linkedin.com/jobs/view/4459528386,2026-09-02
linkedin,Contrôleur de gestion retail,ASSISTANT STORE MANAGER,MANGO,"Paris, Île-de-France, France",,https://www.linkedin.com/jobs/view/4460252815,2026-09-02
linkedin,Contrôleur de gestion retail,Directeur de Magasin H/F,B&M France,"Yvelines, Île-de-France, France",,https://www.linkedin.com/jobs/view/4459526737,2026-09-02
linkedin,Contrôleur de gestion retail,Contrôleur de Gestion H/F,GROUPE M6,"Neuilly-sur-Seine, Île-de-France, France",,https://www.linkedin.com/jobs/view/4461764551,2026-09-02
linkedin,Contrôleur de gestion retail,Manager Finance H/F,Atlays,"Paris, Île-de-France, France",,https://www.linkedin.com/jobs/view/4461732309,2026-09-02
linkedin,Data Analyst Retail,"Data, Analytics & AI Consultant - Luxe, Retail, Hospitalité, Services - CDI",Wavestone,"Puteaux, Île-de-France, France",,https://www.linkedin.com/jobs/view/4448864595,2026-09-03
linkedin,Data Analyst Retail,Consultant(e) confirmé(e),Vusion,"Paris, Île-de-France, France",,https://www.linkedin.com/jobs/view/4460472308,2026-09-03
linkedin,Data Analyst Retail,Data Analyst,Haystack,"Paris, Île-de-France, France",,https://www.linkedin.com/jobs/view/4460431403,2026-09-03
linkedin,Data Analyst Retail,KERING Group Talent Project & Analytics Manager,Kering,"Paris, Île-de-France, France",,https://www.linkedin.com/jobs/view/4462402744,2026-09-03
linkedin,Data Analyst Retail,Manager Data Analyst - Casablanca,Artefact,"Paris, Île-de-France, France",,https://www.linkedin.com/jobs/view/3928984130,2026-09-03
linkedin,Prévision des ventes,Technico commercial(e) F/H,Eurofeu,"Versailles, Île-de-France, France",,https://www.linkedin.com/jobs/view/4459996360,2026-09-03
linkedin,Prévision des ventes,Assistant(e) commercial(e) ADV (revendeur informatique) anglais opérationnel - CDI,Approach People Recruitment,,,https://www.linkedin.com/jobs/view/4462781937,2026-09-03
linkedin,Prévision des ventes,Technico-Commercial Itinérant AW H/F,Xylem,"Nanterre, Île-de-France, France",,https://www.linkedin.com/jobs/view/4461094044,2026-09-03
linkedin,Demand Planner,Chef(fe) de Projet Demand Planner,Puig,"Paris, Île-de-France, France",,https://www.linkedin.com/jobs/view/4459953561,2026-09-03
linkedin,Demand Planner,Stage Supply Planner F/H,Nestlé,"Issy-les-Moulineaux, Île-de-France, France",,https://www.linkedin.com/jobs/view/4462159995,2026-09-03
linkedin,Demand Planner,Product Owner Data Senior (H/F),DGTL Performance,"Massy, Île-de-France, France",,https://www.linkedin.com/jobs/view/4462432334,2026-09-03
linkedin,Demand Planner,Responsable Distribution Négoce,DAT-Schaub France,"Thiais, Île-de-France, France",,https://www.linkedin.com/jobs/view/4462421024,2026-09-03
linkedin,Demand Planner,Technicien approvisionnement/Technicienne approvisionnement,Randstad,"Saclay, Île-de-France, France",,https://www.linkedin.com/jobs/view/4462773663,2026-09-03
linkedin,Contrôleur de gestion retail,Contrôleur de gestion/Contrôleuse de gestion,HeadMind Partners,"Paris, Île-de-France, France",,https://www.linkedin.com/jobs/view/4459975057,2026-09-03
linkedin,Contrôleur de gestion retail,Contrôleur de Gestion Confirmé H/F,Vulcain Engineering Group,"Neuilly-sur-Seine, Île-de-France, France",,https://www.linkedin.com/jobs/view/4460998354,2026-09-03
linkedin,Contrôleur de gestion retail,Project Cost Controller,Westinghouse Electric Company,"Orsay, Île-de-France, France",,https://www.linkedin.com/jobs/view/4460476819,2026-09-03
linkedin,Contrôleur de gestion retail,Senior Controller / Business Analyst (F/M).,Axens,"Rueil-Malmaison, Île-de-France, France",,https://www.linkedin.com/jobs/view/4462412302,2026-09-03
linkedin,Data Analyst Retail,Pricing Analyst (F/H/X),L'olivier Assurance | Admiral Group Plc,"Paris, Île-de-France, France",,https://www.linkedin.com/jobs/view/4461674073,2026-09-04
linkedin,Prévision des ventes,Chef(fe) de District Performance Commerciale Vente (Centre),Kia Europe,"Rueil-Malmaison, Île-de-France, France",,https://www.linkedin.com/jobs/view/4461914852,2026-09-04
linkedin,Prévision des ventes,Category Sales Manager (Accessories),HADDAD BRANDS EUROPE,"St.-Denis, Île-de-France, France",,https://www.linkedin.com/jobs/view/4461910100,2026-09-04
linkedin,Prévision des ventes,Architecte Avant Vente / Sécurité Microsoft (H/F),Exakis Nelite,"Paris, Île-de-France, France",,https://www.linkedin.com/jobs/view/4462863238,2026-09-04
linkedin,Prévision des ventes,HEAD OF REVENUE OPERATIONS (H/F),STATION F,"Paris, Île-de-France, France",,https://www.linkedin.com/jobs/view/4461923815,2026-09-04
linkedin,Prévision des ventes,Conseiller-ère Vente Omnicanal (H/F),DECATHLON FRANCE,"Évry, Île-de-France, France",,https://www.linkedin.com/jobs/view/4461903593,2026-09-04
linkedin,Demand Planner,Responsable Approvisionnement,Thales Aerospace Communications,"Dourdan, Île-de-France, France",,https://www.linkedin.com/jobs/view/4460714080,2026-09-04
linkedin,Demand Planner,Responsable Ordonnancement et Planification,Howmet Aerospace,"Gennevilliers, Île-de-France, France",,https://www.linkedin.com/jobs/view/4441517797,2026-09-04
linkedin,Contrôleur de gestion retail,Contrôleur(euse) de Gestion Opérationnelle,COMPASS GROUP FRANCE,"Malakoff, Île-de-France, France",,https://www.linkedin.com/jobs/view/4461115940,2026-09-04
linkedin,Contrôleur de gestion retail,Responsable Adjoint Contrôle de Gestion (H/F),Hyundai Motor Company,"La Garenne-Colombes, Île-de-France, France",,https://www.linkedin.com/jobs/view/4460731085,2026-09-04
linkedin,Prévision des ventes,Sales & Showroom Manager (H/F),HUGO BOSS,"Paris, Île-de-France, France",,https://www.linkedin.com/jobs/view/4446862750,2026-09-05
linkedin,Prévision des ventes,Responsable Adjoint.e - Aéroports CDG (H/F),Louis Vuitton,"Roissy-en-France, Île-de-France, France",,https://www.linkedin.com/jobs/view/4339358734,2026-09-05
linkedin,Prévision des ventes,Responsable Sales Operations,Nomadia,,,https://www.linkedin.com/jobs/view/4463393102,2026-09-05
linkedin,Prévision des ventes,H/F Sales & CRM Specialist – Maison de Luxe - CDI,Depech'Mode Paris,"Paris, Île-de-France, France",,https://www.linkedin.com/jobs/view/4463383589,2026-09-05
linkedin,Prévision des ventes,GTM BATIMENT - INGENIEUR ETUDES DE PRIX CVC/PLOMBERIE F/H,VINCI Construction France,"Nanterre, Île-de-France, France",,https://www.linkedin.com/jobs/view/4463736046,2026-09-05
linkedin,Prévision des ventes,Commercial terrain BtoB - Variable déplafonné - en CDI (H/F),SCT,"Beauvais, Hauts-de-France, France",,https://www.linkedin.com/jobs/view/4462312567,2026-09-05
linkedin,Prévision des ventes,Vendeur-Concepteur en aménagement intérieur F/H,Mobalpa,"Herblay, Île-de-France, France",,https://www.linkedin.com/jobs/view/4461965095,2026-09-05
linkedin,Prévision des ventes,Responsable avant-vente IT & Sûreté F/H,VINCI Energies,"Nanterre, Île-de-France, France",,https://www.linkedin.com/jobs/view/4463365942,2026-09-05
linkedin,Contrôleur de gestion retail,Outlet - Directrice - Directeur de Magasin Adjoint - F/H,COURIR,"Sainte-Geneviève-des-Bois, Île-de-France, France",,https://www.linkedin.com/jobs/view/4461142384,2026-09-05
linkedin,Contrôleur de gestion retail,Manager Commerce en alternance F/H,Auchan Retail,"Vigneux-sur-Seine, Île-de-France, France",,https://www.linkedin.com/jobs/view/4461189747,2026-09-05
linkedin,Prévision des ventes,Cluster Revenue Growth Manager (South Europe),Signify,"Suresnes, Île-de-France, France",,https://www.linkedin.com/jobs/view/4444471649,2026-09-06
linkedin,Contrôleur de gestion retail,Manager de Rayon Non Alimentaire (F/H) -Hypermarché,Carrefour,"Flins-sur-Seine, Île-de-France, France",,https://www.linkedin.com/jobs/view/4462797628,2026-09-06
linkedin,Contrôleur de gestion retail,Programs & finance Controller H/F,Air Liquide Healthcare,"Bagneux, Île-de-France, France",,https://www.linkedin.com/jobs/view/4445218128,2026-09-06
linkedin,Data Analyst Retail,"Data Analyst - Tableau, Snowflake, SQL (h/f)",emagine,"Île-de-France, France",,https://www.linkedin.com/jobs/view/4456293114,2026-09-07
linkedin,Data Analyst Retail,Data Analyst,SoTalent,"Boulogne-Billancourt, Île-de-France, France",,https://www.linkedin.com/jobs/view/4461898385,2026-09-07
linkedin,Prévision des ventes,Ingénieur technico-commercial,Impactup,"Île-de-France, France",,https://www.linkedin.com/jobs/view/4461897725,2026-09-07
linkedin,Prévision des ventes,Conseiller de Vente F/H Russophone - Faubourg Saint-Honoré,DOLCE&GABBANA,"Paris, Île-de-France, France",,https://www.linkedin.com/jobs/view/4425304532,2026-09-07
linkedin,Prévision des ventes,Technico-Commercial Réfrigération (F/H),LSA Commerce & Consommation,"Houilles, Île-de-France, France",,https://www.linkedin.com/jobs/view/4461839184,2026-09-07
linkedin,Prévision des ventes,Commercial(e) sédentaire aménagement intérieur - rémunération attractive,Concepteur Vendeur,"Sainte-Geneviève-des-Bois, Île-de-France, France",,https://www.linkedin.com/jobs/view/4464029184,2026-09-07
linkedin,Prévision des ventes,Conseiller commercial/e Véhicule Neuf F,Groupe Sofibrie - Paris,"Noisy-le-Grand, Île-de-France, France",,https://www.linkedin.com/jobs/view/4462907913,2026-09-07
linkedin,Demand Planner,Spécialiste en approvisionnement,Aluplast,"Houdan, Île-de-France, France",,https://www.linkedin.com/jobs/view/4464317060,2026-09-07
linkedin,Demand Planner,Ingénieur-e Expérimenté-e S&OP Réparation F/H,Safran,"Saclay, Île-de-France, France",,https://www.linkedin.com/jobs/view/4461895725,2026-09-07
linkedin,Data Analyst Retail,Apprenti(e) Supply Chain AI & Robotics initiative H/F,Valeo,"Cergy, Île-de-France, France",,https://www.linkedin.com/jobs/view/4400554993,2026-09-08
linkedin,Data Analyst Retail,"Data analyst Prévision, modélisation et analyses",Caisse nationale de solidarité pour l'autonomie,"Paris, Île-de-France, France",,https://www.linkedin.com/jobs/view/4462240636,2026-09-08
linkedin,Data Analyst Retail,Chargé de Data RH et Performance Groupe H/F,L'Usine Nouvelle,"Paris, Île-de-France, France",,https://www.linkedin.com/jobs/view/4462293333,2026-09-08
linkedin,Data Analyst Retail,Chargé(e) d’études marketing et data insights (H/F),Crédit Logement,"Paris, Île-de-France, France",,https://www.linkedin.com/jobs/view/4464329038,2026-09-08
linkedin,Demand Planner,Prévisionniste des ventes F/H,COFIGEO,"Boulogne-Billancourt, Île-de-France, France",,https://www.linkedin.com/jobs/view/4464338560,2026-09-08
linkedin,Prévision des ventes,PreSales Engineer - Saas,Signaturit Group a Namirial Company,"Puteaux, Île-de-France, France",,https://www.linkedin.com/jobs/view/4462279120,2026-09-08
linkedin,Demand Planner,GESTIONNAIRE ADV H/F,DELAGE AERO INDUSTRIES,"Pierrefitte-sur-Seine, Île-de-France, France",,https://www.linkedin.com/jobs/view/4462213631,2026-09-08
linkedin,Prévision des ventes,Chef de secteur Vente Directe - départements 77/93/94 - CDD - F/H,PATICEO,"Créteil, Île-de-France, France",,https://www.linkedin.com/jobs/view/4464375215,2026-09-08
linkedin,Demand Planner,Inventory & Planning Manager - Western Europe,SharkNinja,"Paris, Île-de-France, France",,https://www.linkedin.com/jobs/view/4455272147,2026-09-08
linkedin,Prévision des ventes,Manager des ventes - LxA Tour Eiffel - CDI (H/F),Lagardère Travel Retail,"Paris, Île-de-France, France",,https://www.linkedin.com/jobs/view/4462217461,2026-09-08
linkedin,Prévision des ventes,Assistant(e) de vente et de production – Joaillerie,Maison Valérie Danenberg,"Paris, Île-de-France, France",,https://www.linkedin.com/jobs/view/4463322927,2026-09-08
linkedin,Demand Planner,"Responsable IBP, CDI, H/F",PepsiCo,"Colombes, Île-de-France, France",,https://www.linkedin.com/jobs/view/4461895967,2026-09-08
linkedin,Demand Planner,Assistant(e) Trade Marketing & Category Manager - Stage - H/F,APRIUM PHARMACIE,"Boulogne-Billancourt, Île-de-France, France",,https://www.linkedin.com/jobs/view/4462972039,2026-09-08
linkedin,Demand Planner,CHARGÉ ORDONNANCEMENT H/F,L'Usine Nouvelle,"Cergy, Île-de-France, France",,https://www.linkedin.com/jobs/view/4462286343,2026-09-08
linkedin,Contrôleur de gestion retail,Responsable Contrôle de Gestion Commercial,Le CabRH,"Paris, Île-de-France, France",,https://www.linkedin.com/jobs/view/4464456793,2026-09-08
linkedin,Contrôleur de gestion retail,Responsable de magasin (H/F),E.Leclerc Trie-Château,"Gisors, Normandy, France",,https://www.linkedin.com/jobs/view/4464451898,2026-09-08
linkedin,Demand Planner,Senior Category Manager - Fresh,Picnic Technologies,"Paris, Île-de-France, France",,https://www.linkedin.com/jobs/view/4317597439,2026-09-08
linkedin,Demand Planner,Finance Planning & Analysis Specialist (H/F/X),Amplifon,"Paris, Île-de-France, France",,https://www.linkedin.com/jobs/view/4464479289,2026-09-08
linkedin,Demand Planner,Stage Ingénieur Supply Chain - Transformation Digitale et Amélioration Continue,Schneider Electric,"Rueil-Malmaison, Île-de-France, France",,https://www.linkedin.com/jobs/view/4462960886,2026-09-08
linkedin,Contrôleur de gestion retail,Contrôleur de gestion Masse salariale - CDI (H/F),Lagardère Travel Retail,"Levallois-Perret, Île-de-France, France",,https://www.linkedin.com/jobs/view/4462230527,2026-09-08
linkedin,Contrôleur de gestion retail,Retail Merchandiser Prêt-A-Porter H/F,maje,"Paris, Île-de-France, France",,https://www.linkedin.com/jobs/view/4464330956,2026-09-08
linkedin,Data Analyst Retail,Data Analyst (PLM & SAP S/4HANA) - Paris -  12 Month Contract,Global Enterprise Partners,"Paris, Île-de-France, France",,https://www.linkedin.com/jobs/view/4465009164,2026-09-09
linkedin,Data Analyst Retail,Data analyst : maitrise des solution de tracking,Free-Work,"Paris, Île-de-France, France",,https://www.linkedin.com/jobs/view/4462512788,2026-09-09
linkedin,Contrôleur de gestion retail,Retail Merchandiser Prêt-A-Porter Junior H/F,maje,"Paris, Île-de-France, France",,https://www.linkedin.com/jobs/view/4465030161,2026-09-09
linkedin,Data Analyst Retail,DATA SCIENTIST ET ANALYST CONFIRMÉ F/H,CSTB,"Champs-sur-Marne, Île-de-France, France",,https://www.linkedin.com/jobs/view/4465026157,2026-09-09
linkedin,Prévision des ventes,Sales & Showroom Coordinator,Tony Ward Couture,"Paris, Île-de-France, France",,https://www.linkedin.com/jobs/view/4462522130,2026-09-09
linkedin,Prévision des ventes,Sales Director EMEA,Malvern Panalytical,"Mennecy, Île-de-France, France",,https://www.linkedin.com/jobs/view/4454436142,2026-09-09
linkedin,Prévision des ventes,Head of sales,Zei,"Paris, Île-de-France, France",,https://www.linkedin.com/jobs/view/4463828455,2026-09-09
linkedin,Prévision des ventes,Chargé d’affaires / technico-commercial ite – façade – b to b (H/F) expérience ite impérative,CVBTP,"Gonesse, Île-de-France, France",,https://www.linkedin.com/jobs/view/4463506326,2026-09-09
linkedin,Prévision des ventes,Conseiller de vente - Réseau Parisien - H/F,Diptyque Paris,"Paris, Île-de-France, France",,https://www.linkedin.com/jobs/view/4464626677,2026-09-09
linkedin,Prévision des ventes,Manager Développement Commercial &amp; Prospection H/F,NXO France,"Puteaux, Île-de-France, France",,https://www.linkedin.com/jobs/view/4465013201,2026-09-09
linkedin,Prévision des ventes,Sales Executive (H/F/X),TRIBE Hotels,"Clichy, Île-de-France, France",,https://www.linkedin.com/jobs/view/4463828158,2026-09-09
linkedin,Prévision des ventes,VIVIER - Compte-Clé Regional - Rueil-Malmaison ou Limonest (H/F),Danone,"Rueil-Malmaison, Île-de-France, France",,https://www.linkedin.com/jobs/view/4464661126,2026-09-09
linkedin,Prévision des ventes,Conseiller Clients Professionnels (H/F) en magasin,Leroy Merlin,"Collégien, Île-de-France, France",,https://www.linkedin.com/jobs/view/4462534950,2026-09-09
linkedin,Prévision des ventes,Commercial Assistant,RTE international,"Courbevoie, Île-de-France, France",,https://www.linkedin.com/jobs/view/4464925142,2026-09-09
linkedin,Prévision des ventes,Head of Sales (F/H),Kerogo Finance,"Paris, Île-de-France, France",,https://www.linkedin.com/jobs/view/4464693588,2026-09-09
linkedin,Demand Planner,Gestionnaire Approvisionnement F/H/NB - CDI,Disneyland Paris,"Marne-la-Vallée, Île-de-France, France",,https://www.linkedin.com/jobs/view/4464904818,2026-09-09
linkedin,Demand Planner,Responsable Flux International (H/F) Choisy Le Roi (94),Lactalis Group,"Choisy-le-Roi, Île-de-France, France",,https://www.linkedin.com/jobs/view/4465014543,2026-09-09
linkedin,Demand Planner,"Gestionnaire Approvisionnement F/H/NB, CDI",Disneyland Paris,"Marne-la-Vallée, Île-de-France, France",,https://www.linkedin.com/jobs/view/4464902926,2026-09-09
linkedin,Demand Planner,Chargé Administration des Ventes H/F,Hermès,"Fontenay-sous-Bois, Île-de-France, France",,https://www.linkedin.com/jobs/view/4436097270,2026-09-09
linkedin,Demand Planner,"Gestionnaire Approvisionnement F/H/NB, CDI",The Walt Disney Company,"Marne-la-Vallée, Île-de-France, France",,https://www.linkedin.com/jobs/view/4463579019,2026-09-09
linkedin,Contrôleur de gestion retail,COST CONTROLLER F&B (F/H),FITZ GROUP,"Paris, Île-de-France, France",,https://www.linkedin.com/jobs/view/4463017470,2026-09-09
linkedin,Contrôleur de gestion retail,Contrôleur de gestion F/H,VINCI,"Nanterre, Île-de-France, France",,https://www.linkedin.com/jobs/view/4464676710,2026-09-09
linkedin,Contrôleur de gestion retail,Contrôleur Financier (302026-CF-LI),Ipsée,"Île-de-France, France",,https://www.linkedin.com/jobs/view/4464634509,2026-09-09
linkedin,Contrôleur de gestion retail,Responsable administratif et comptable F/H,VINCI Energies,"Rosny-sur-Seine, Île-de-France, France",,https://www.linkedin.com/jobs/view/4464625587,2026-09-09
linkedin,Contrôleur de gestion retail,Responsable Adjoint(e) -  CDI 35h - Vélizy 2,Rituals France (B Corp™),"Vélizy-Villacoublay, Île-de-France, France",,https://www.linkedin.com/jobs/view/4261702927,2026-09-09
linkedin,Data Analyst Retail,Data Analyst – Master & Reference Data,Geopost,"Issy-les-Moulineaux, Île-de-France, France",,https://www.linkedin.com/jobs/view/4463861692,2026-09-10
linkedin,Data Analyst Retail,Data Full Stack,Alan,"Paris, Île-de-France, France",,https://www.linkedin.com/jobs/view/4465029588,2026-09-10
linkedin,Data Analyst Retail,People Analytics & Performance Specialist M/F,Egis en France,"Paris, Île-de-France, France",,https://www.linkedin.com/jobs/view/4465060748,2026-09-10
linkedin,Data Analyst Retail,Stage - Assistant Data Analyst - Janvier 2027,Guerlain,"Paris, Île-de-France, France",,https://www.linkedin.com/jobs/view/4465612374,2026-09-10
linkedin,Data Analyst Retail,Business Analyst Data SAP,Capgemini,"Issy-les-Moulineaux, Île-de-France, France",,https://www.linkedin.com/jobs/view/4336889930,2026-09-10
linkedin,Prévision des ventes,Responsable de secteur Sell in-Sell out - Paris/Normandie/Hauts-de-France,Puig,"Paris, Île-de-France, France",,https://www.linkedin.com/jobs/view/4463018890,2026-09-10
linkedin,Prévision des ventes,"Commercial Analyst, France",Heidi,"Paris, Île-de-France, France",,https://www.linkedin.com/jobs/view/4437126259,2026-09-10
linkedin,Prévision des ventes,Commercial junior (h/f),Groupe Yannick Alléno,"Paris, Île-de-France, France",,https://www.linkedin.com/jobs/view/4463019859,2026-09-10
linkedin,Prévision des ventes,Coordinateur / Coordinatrice Groupes,OKKO HOTELS,"Paris, Île-de-France, France",,https://www.linkedin.com/jobs/view/4465084675,2026-09-10
linkedin,Prévision des ventes,Chargé de développement des ventes H/F,SOFIP,"Vincennes, Île-de-France, France",,https://www.linkedin.com/jobs/view/4465074836,2026-09-10
linkedin,Prévision des ventes,Business Developer France h/f,Selescope,"Paris, Île-de-France, France",,https://www.linkedin.com/jobs/view/4465646092,2026-09-10
linkedin,Prévision des ventes,Commercial/Commerciale,MONSIEUR SAUCISSE,"Aubervilliers, Île-de-France, France",,https://www.linkedin.com/jobs/view/4463440451,2026-09-10
linkedin,Prévision des ventes,Superviseur d'Equipe de Vente H/F,Skechers,"Créteil, Île-de-France, France",,https://www.linkedin.com/jobs/view/4455764426,2026-09-10
linkedin,Prévision des ventes,CONSEILLER (E) DE VENTE,MAX&MOI,"Paris, Île-de-France, France",,https://www.linkedin.com/jobs/view/4465091638,2026-09-10
linkedin,Prévision des ventes,CDI - Commercial  F/H,JJA SA,"Gonesse, Île-de-France, France",,https://www.linkedin.com/jobs/view/4463875629,2026-09-10
linkedin,Prévision des ventes,Responsable Du Developpement Des Ventes H/F,Wella Company,"Paris, Île-de-France, France",,https://www.linkedin.com/jobs/view/4463024767,2026-09-10
linkedin,Prévision des ventes,Conseiller(e) Commercial(e) BMW (F/H),BMW MINI Indigo,"Juvisy-sur-Orge, Île-de-France, France",,https://www.linkedin.com/jobs/view/4464121367,2026-09-10
linkedin,Prévision des ventes,Conseiller(ère) de vente - CDI 35H,TEO CABANEL,"Paris, Île-de-France, France",,https://www.linkedin.com/jobs/view/4464314138,2026-09-10
linkedin,Demand Planner,Global category strategic planner - Body care (f/m/d),IFF,"Neuilly-sur-Seine, Île-de-France, France",,https://www.linkedin.com/jobs/view/4465326773,2026-09-10
linkedin,Contrôleur de gestion retail,Alternance– Coordinateur (trice) Performance Economique– F/H,Louis Vuitton,"Asnières-sur-Seine, Île-de-France, France",,https://www.linkedin.com/jobs/view/4465098373,2026-09-10
linkedin,Contrôleur de gestion retail,Commerical Efficiency Manager - France / BeLux,Brown-Forman,"Paris, Île-de-France, France",,https://www.linkedin.com/jobs/view/4463868888,2026-09-10
linkedin,Data Analyst Retail,Consultant Risk Data Analyst / Data Scientist F/H,Deloitte,"La Défense, Île-de-France, France",,https://www.linkedin.com/jobs/view/4399645253,2026-09-11
linkedin,Prévision des ventes,B01306C - INGENIEUR COMMERCIAL,ENGIE Solutions France,"Paris, Île-de-France, France",,https://www.linkedin.com/jobs/view/4465676113,2026-09-11
linkedin,Contrôleur de gestion retail,"Senior Consultant – Consumer Goods, Retail & Luxury",PPT Consulting,"Paris, Île-de-France, France",,https://www.linkedin.com/jobs/view/4464819876,2026-09-11
linkedin,Prévision des ventes,Vendeur Vendeuse libre service Sanitaire Plomberie Chauffage,Espace Aubade,"Gentilly, Île-de-France, France",,https://www.linkedin.com/jobs/view/4456226082,2026-09-12
linkedin,Prévision des ventes,Ingénieur d'Affaires Secteur Public H/F,Experteam,"Courbevoie, Île-de-France, France",,https://www.linkedin.com/jobs/view/4463975687,2026-09-12
linkedin,Prévision des ventes,Chef des ventes Régional Paris Ouest Normandie H/F,ANDROS,"Rambouillet, Île-de-France, France",,https://www.linkedin.com/jobs/view/4465102025,2026-09-12
linkedin,Prévision des ventes,Commercial terrain BtoB - Variable déplafonné - en CDI (H/F),SCT,"Beauvais, Hauts-de-France, France",,https://www.linkedin.com/jobs/view/4465112897,2026-09-12
linkedin,Demand Planner,Stage - Supply & Demand Planning - Janvier 2027,Vestacy,"Massy, Île-de-France, France",,https://www.linkedin.com/jobs/view/4464223273,2026-09-12
linkedin,Demand Planner,Stage Mondelez SUPPLY CHAIN - Demand Planning - 6 mois - Boulogne-Billancourt - Janvier 2027,Mondelēz International,"Boulogne-Billancourt, Île-de-France, France",,https://www.linkedin.com/jobs/view/4466349430,2026-09-12
linkedin,Demand Planner,Assistant Approvisionnement (F/H),Luna,"Morangis, Île-de-France, France",,https://www.linkedin.com/jobs/view/4464877941,2026-09-12
linkedin,Contrôleur de gestion retail,Chef de Secteur  GMS 77/94 H/F,LSA Commerce & Consommation,"Créteil, Île-de-France, France",,https://www.linkedin.com/jobs/view/4463979828,2026-09-12
linkedin,Prévision des ventes,CDI - Conseiller de Ventes H/F,Vhernier Group,"Paris, Île-de-France, France",,https://www.linkedin.com/jobs/view/4447127315,2026-09-13
linkedin,Prévision des ventes,Digital Products Sales Representative,Intuitive,"Paris, Île-de-France, France",,https://www.linkedin.com/jobs/view/4390313780,2026-09-13
linkedin,Data Analyst Retail,Senior Data Scientist - Product Analytics,Criteo,"Paris, Île-de-France, France",,https://www.linkedin.com/jobs/view/4390824186,2026-09-14
linkedin,Prévision des ventes,Vendeur Conseil Habitat - H/F,"Proesa - Cabinet de conseil, recrutement et formation","Creil, Hauts-de-France, France",,https://www.linkedin.com/jobs/view/4465726334,2026-09-14
linkedin,Prévision des ventes,CONSEILLER DE VENTE - VENDEUR (H/F) - BRICORAMA Le Plessis Robinson,Bricomarché Segré-en-Anjou-Bleu,"Le Plessis-Robinson, Île-de-France, France",,https://www.linkedin.com/jobs/view/4464758827,2026-09-14
linkedin,Contrôleur de gestion retail,Contrôleur de gestion - Gestion locative - CDC Habitat (75) H/F,CDC Habitat,"Paris, Île-de-France, France",,https://www.linkedin.com/jobs/view/4455857856,2026-09-14
hellowork,Prévision des ventes,Business Developer Europe H/F,Olcani,Bussy-Saint-Georges - 77,,https://www.hellowork.com/fr-fr/emplois/83336564.html,2026-09-14
linkedin,Data Analyst Retail,Hospitality Performance Analyst,Relais & Châteaux,"Paris, Île-de-France, France",,https://www.linkedin.com/jobs/view/4465528421,2026-09-15
linkedin,Data Analyst Retail,Stagiaire - Business Analyst Retail,Family Office ZOUARI,"Paris, Île-de-France, France",,https://www.linkedin.com/jobs/view/4467231202,2026-09-15
linkedin,Prévision des ventes,Conseiller de Vente & Gestionnaire de Pièces de Rechange (H/F),VAUBAN AUTOMOBILE,"St.-Germain-en-Laye, Île-de-France, France",,https://www.linkedin.com/jobs/view/4465238469,2026-09-15
linkedin,Prévision des ventes,Commercial junior,Vérandas & Fenêtres de France,,,https://www.linkedin.com/jobs/view/4378310557,2026-09-15
linkedin,Prévision des ventes,Conseiller de Vente & Gestionnaire de Pièces de Rechange (H/F),VAUBAN AUTOMOBILE,"Les Mureaux, Île-de-France, France",,https://www.linkedin.com/jobs/view/4467299522,2026-09-15
linkedin,Demand Planner,Demand & Supply Planner H/F - CDI,Sisley Paris,"Saint-Ouen-l’Aumône, Île-de-France, France",,https://www.linkedin.com/jobs/view/4465528639,2026-09-15
linkedin,Contrôleur de gestion retail,Stage - Contrôle de Gestion Retail & Distribution Internationale - F/H - Janvier 2027,RIMOWA,"Paris, Île-de-France, France",,https://www.linkedin.com/jobs/view/4465205817,2026-09-15
linkedin,Contrôleur de gestion retail,Contrôleur de gestion/reporting groupe F/H,RAZEL-BEC | FAYAT Group,"Saclay, Île-de-France, France",,https://www.linkedin.com/jobs/view/4467276399,2026-09-15
linkedin,Contrôleur de gestion retail,Directeur.trice de Magasin EN FORMATION MONTREUIL,DECATHLON FRANCE,"Montreuil, Île-de-France, France",,https://www.linkedin.com/jobs/view/4466507076,2026-09-15
linkedin,Contrôleur de gestion retail,Manager de rayon (F/H) - Supermarché,Carrefour,"Avon, Île-de-France, France",,https://www.linkedin.com/jobs/view/4464793313,2026-09-15
linkedin,Data Analyst Retail,Data Analyst & Modélisation (H/F),Optic 2000,"Clamart, Île-de-France, France",,https://www.linkedin.com/jobs/view/4465961671,2026-09-16
linkedin,Data Analyst Retail,Hospitality Performance Analyst,Relais & Châteaux,"Paris, Île-de-France, France",,https://www.linkedin.com/jobs/view/4465954987,2026-09-16
linkedin,Data Analyst Retail,Alternance - Consultant Data Customer Insights (H/F),VML Enterprise Solutions,"Paris, Île-de-France, France",,https://www.linkedin.com/jobs/view/4465539799,2026-09-16
linkedin,Data Analyst Retail,Data Analyst Business Bilingual,Alveor,"Neuilly-sur-Seine, Île-de-France, France",,https://www.linkedin.com/jobs/view/4465596411,2026-09-16
linkedin,Data Analyst Retail,E-Merchandiser,Degetel,"Île-de-France, France",,https://www.linkedin.com/jobs/view/4465543933,2026-09-16
linkedin,Data Analyst Retail,Assistant Business Planner - Horlogerie Joaillerie H/F - Stage,Christian Dior Couture,"Paris, Île-de-France, France",,https://www.linkedin.com/jobs/view/4459114263,2026-09-16
linkedin,Data Analyst Retail,INTERNSHIP – DATA ANALYST – Finance Department,Moët Hennessy,"Paris, Île-de-France, France",,https://www.linkedin.com/jobs/view/4465925872,2026-09-16
linkedin,Prévision des ventes,"Solutions Consultant, Commercial, France",Notion,"Paris, Île-de-France, France",,https://www.linkedin.com/jobs/view/4458717824,2026-09-16
linkedin,Prévision des ventes,Ingénieur Commercial F/H,IDEX,"Clairoix, Hauts-de-France, France",,https://www.linkedin.com/jobs/view/4467974231,2026-09-16
linkedin,Prévision des ventes,Solutions Engineer (Pre-Sales) France,Aikido Security,"Paris, Île-de-France, France",,https://www.linkedin.com/jobs/view/4465585878,2026-09-16
linkedin,Prévision des ventes,Architecte Avant-Vente Services Infogérance H/F,SPIE ICS,"Malakoff, Île-de-France, France",,https://www.linkedin.com/jobs/view/4467734714,2026-09-16
linkedin,Prévision des ventes,Conseiller de Vente H/F,Printemps,"Vélizy-Villacoublay, Île-de-France, France",,https://www.linkedin.com/jobs/view/4466581780,2026-09-16
linkedin,Prévision des ventes,Vendeur,Easy Cuisine,"Mantes-la-Jolie, Île-de-France, France",,https://www.linkedin.com/jobs/view/4465570273,2026-09-16
linkedin,Demand Planner,TECHNICIEN SUPPLY CHAIN,Brioche PASQUIER,"Canton of Le Châtelet-en-Brie, Île-de-France, France",,https://www.linkedin.com/jobs/view/4465568844,2026-09-16
linkedin,Demand Planner,Approvisionneur Sous-Traitance H/F - CDD,Sisley Paris,"Saint-Ouen-l’Aumône, Île-de-France, France",,https://www.linkedin.com/jobs/view/4465542091,2026-09-16
linkedin,Demand Planner,Gestionnaire planification locations H/F,Talents ADV-Supply,"Tremblay-en-France, Île-de-France, France",,https://www.linkedin.com/jobs/view/4466193376,2026-09-16
linkedin,Demand Planner,Revenue Growth / Customer Category Manager,Brown-Forman,"Paris, Île-de-France, France",,https://www.linkedin.com/jobs/view/4466516403,2026-09-16
linkedin,Demand Planner,Consultant stagiaire Operations (H/F),BearingPoint,"Paris, Île-de-France, France",,https://www.linkedin.com/jobs/view/4467727043,2026-09-16
linkedin,Demand Planner,Senior Consultant Supply Chain (H/F),Capgemini Invent,"Issy-les-Moulineaux, Île-de-France, France",,https://www.linkedin.com/jobs/view/4465568217,2026-09-16
linkedin,Demand Planner,STAGE - Assistant(e) Logistique MEM H/F Mars 2027,PepsiCo,"Colombes, Île-de-France, France",,https://www.linkedin.com/jobs/view/4465580402,2026-09-16
linkedin,Contrôleur de gestion retail,"DIRECTEUR ADJOINT HAUSSMANN, H/F",MANGO,"Paris, Île-de-France, France",,https://www.linkedin.com/jobs/view/4466542402,2026-09-16
linkedin,Contrôleur de gestion retail,Senior Retail Merchandiser Handbag Europe (H/F),Christian Dior Couture,"Paris, Île-de-France, France",,https://www.linkedin.com/jobs/view/4440991818,2026-09-16
linkedin,Contrôleur de gestion retail,Assistant Store Manager - Calvin Klein - Giverny,Calvin Klein,"Douains, Normandy, France",,https://www.linkedin.com/jobs/view/4467727225,2026-09-16
linkedin,Contrôleur de gestion retail,Contrôleur de gestion (H/F),Livremploi,"Paris, Île-de-France, France",,https://www.linkedin.com/jobs/view/4467981116,2026-09-16
linkedin,Contrôleur de gestion retail,Responsable de boutique H/F - CDI - Swatch - Puteaux - (92),Swatch Group,"Puteaux, Île-de-France, France",,https://www.linkedin.com/jobs/view/4456960594,2026-09-16
linkedin,Contrôleur de gestion retail,Directeur contrôle de gestion groupe,Grant Alexander,"Île-de-France, France",,https://www.linkedin.com/jobs/view/4467975241,2026-09-16
linkedin,Contrôleur de gestion retail,Contrôleur de gestion H/F,Groupe Léon Grosse,"Versailles, Île-de-France, France",,https://www.linkedin.com/jobs/view/4467747157,2026-09-16
linkedin,Contrôleur de gestion retail,Manager équipe & commerce (F/H) - magasin Leroy Merlin,Leroy Merlin,"Jaux, Hauts-de-France, France",,https://www.linkedin.com/jobs/view/4438051144,2026-09-16
linkedin,Contrôleur de gestion retail,Contrôleur financier H/F,Robert Half,"Puteaux, Île-de-France, France",,https://www.linkedin.com/jobs/view/4465968802,2026-09-16
linkedin,Data Analyst Retail,International Business Analytics Internship (H/F),Picnic Technologies,"Paris, Île-de-France, France",,https://www.linkedin.com/jobs/view/4468243886,2026-09-17
linkedin,Data Analyst Retail,Data scientist - Marketing Analytics (N/F/H),leboncoin,"Paris, Île-de-France, France",,https://www.linkedin.com/jobs/view/4467993548,2026-09-17
linkedin,Data Analyst Retail,STAGE - ASSISTANT BUSINESS ANALYST WHOLESALE,Parfums Christian Dior,"Neuilly-sur-Seine, Île-de-France, France",,https://www.linkedin.com/jobs/view/4468232885,2026-09-17
linkedin,Data Analyst Retail,Data analyst Sénior H/F,NEXTON,"Paris, Île-de-France, France",,https://www.linkedin.com/jobs/view/4324159226,2026-09-17
linkedin,Data Analyst Retail,Data Analyst,act digital EMEA - Alter Solutions,"Vélizy-Villacoublay, Île-de-France, France",,https://www.linkedin.com/jobs/view/4466264213,2026-09-17
linkedin,Prévision des ventes,Responsable Commercial - Solutions auprès des PUI (F/H),LSA Commerce & Consommation,"Paris, Île-de-France, France",,https://www.linkedin.com/jobs/view/4465984861,2026-09-17
linkedin,Prévision des ventes,Chargé.e d'Études Techniques et Commerciales en Sécurité H/F,GORON S.A.S,"Asnières-sur-Seine, Île-de-France, France",,https://www.linkedin.com/jobs/view/4468236609,2026-09-17
linkedin,Prévision des ventes,Ingénieur commercial Santé Social (H/F),Thales,"Vélizy-Villacoublay, Île-de-France, France",,https://www.linkedin.com/jobs/view/4468230645,2026-09-17
linkedin,Prévision des ventes,Vendeur/se Conseil Réseau Sikkens Solutions,AkzoNobel,"Paris, Île-de-France, France",,https://www.linkedin.com/jobs/view/4371889410,2026-09-17
linkedin,Demand Planner,CDD - Planificateur / Approvisieuneur (F/H/X),SEPHORA,"Neuilly-sur-Seine, Île-de-France, France",,https://www.linkedin.com/jobs/view/4468299302,2026-09-17
linkedin,Demand Planner,Stage - Assistant(e) Category Manager Europe - Sephora Collection (F/H/X),SEPHORA,"Neuilly-sur-Seine, Île-de-France, France",,https://www.linkedin.com/jobs/view/4468255270,2026-09-17
linkedin,Demand Planner,Gestionnaire financier et logistique - restaurant d'application h/f,CY Cergy Paris Université,"Gennevilliers, Île-de-France, France",,https://www.linkedin.com/jobs/view/4466204570,2026-09-17
linkedin,Contrôleur de gestion retail,Manager de Rayon Non Alimentaire (F/H) - Hypermarché,Carrefour,"Montigny-le-Bretonneux, Île-de-France, France",,https://www.linkedin.com/jobs/view/4462800568,2026-09-17
linkedin,Contrôleur de gestion retail,Directeur Adjoint,Cartier,"Paris, Île-de-France, France",,https://www.linkedin.com/jobs/view/4430580242,2026-09-17
linkedin,Contrôleur de gestion retail,Contrôleur de Gestion H/F,Les compagnons du devoir,"Paris, Île-de-France, France",,https://www.linkedin.com/jobs/view/4467135825,2026-09-17
linkedin,Contrôleur de gestion retail,Responsable Administratif & Financier (Mode) - Espagnol bilingue - 70 KE,Approach People Recruitment,"Île-de-France, France",,https://www.linkedin.com/jobs/view/4468377974,2026-09-17
linkedin,Contrôleur de gestion retail,Finance Manager,Ray studios,"Paris, Île-de-France, France",,https://www.linkedin.com/jobs/view/4468391554,2026-09-17
linkedin,Data Analyst Retail,Alternant Business Analyst Pole conformité (F/H),Carrefour,"Massy, Île-de-France, France",,https://www.linkedin.com/jobs/view/4466273749,2026-09-18
linkedin,Prévision des ventes,Sales Planning & Strategy,Alan,"Paris, Île-de-France, France",,https://www.linkedin.com/jobs/view/4468661679,2026-09-18
linkedin,Prévision des ventes,Conseiller/Conseillère de Vente en Horlogerie-Joaillerie,HEURGON JOAILLIER,"Paris, Île-de-France, France",,https://www.linkedin.com/jobs/view/4469120396,2026-09-18
linkedin,Demand Planner,Approvisionneur - H/F,POMMIER,"Beauchamp, Île-de-France, France",,https://www.linkedin.com/jobs/view/4466289965,2026-09-18
linkedin,Demand Planner,Gestionnaire Flux Aval - Alternance (H/F),Groupe Beaumanoir,"Paris, Île-de-France, France",,https://www.linkedin.com/jobs/view/4467977705,2026-09-18
linkedin,Demand Planner,Approvisionneur.se,Wandercraft,"Paris, Île-de-France, France",,https://www.linkedin.com/jobs/view/4460486913,2026-09-18
linkedin,Contrôleur de gestion retail,"Retail Coordinator France, Belgium, Geneva & Middle East",Moncler,"Paris, Île-de-France, France",,https://www.linkedin.com/jobs/view/4459666810,2026-09-18
linkedin,Prévision des ventes,Ingénieur commercial - solutions ITSM (H/F),Tenexa,"Colombes, Île-de-France, France",,https://www.linkedin.com/jobs/view/4457788918,2026-09-19
linkedin,Demand Planner,CONSULTANT SENIOR DATA & PERFORMANCE – INDUSTRIE PHARMACEUTIQUE (F/H) en CDI,BIOMEN,"Levallois-Perret, Île-de-France, France",,https://www.linkedin.com/jobs/view/4467892090,2026-09-19
linkedin,Contrôleur de gestion retail,"Cheffe, Chef de département mode beauté",Monoprix,"Chaville, Île-de-France, France",,https://www.linkedin.com/jobs/view/4467871098,2026-09-19
linkedin,Contrôleur de gestion retail,Contrôleur de Gestion Coûts Centraux H/F,Robert Half,"Courbevoie, Île-de-France, France",,https://www.linkedin.com/jobs/view/4466902443,2026-09-19
linkedin,Prévision des ventes,INSPECTEUR COMMERCIAL CONFIRME H/F,CNP Assurances,"Issy-les-Moulineaux, Île-de-France, France",,https://www.linkedin.com/jobs/view/4460348388,2026-09-20
linkedin,Contrôleur de gestion retail,CDD - Boutique Administration & Operations Assistant H/F,Buccellati,"Paris, Île-de-France, France",,https://www.linkedin.com/jobs/view/4458967283,2026-09-20
linkedin,Contrôleur de gestion retail,Responsable de boutique optique H/F - Paris 1er,Wink,"Paris, Île-de-France, France",,https://www.linkedin.com/jobs/view/4468429551,2026-09-20
linkedin,Data Analyst Retail,Product Data Analyst - Midcore Games,Voodoo,"Paris, Île-de-France, France",,https://www.linkedin.com/jobs/view/4404894831,2026-09-21
linkedin,Prévision des ventes,Conseillère/Conseiller en vente et en aménagement - Bois d'Arcy,Leroy Merlin,"Bois-d’Arcy, Île-de-France, France",,https://www.linkedin.com/jobs/view/4450856398,2026-09-21
linkedin,Prévision des ventes,Responsable des revenus,AQUANTIS  l Cabinet de recrutement,"Île-de-France, France",,https://www.linkedin.com/jobs/view/4467365514,2026-09-21
linkedin,Demand Planner,CATEGORY MANAGER PIECES DETACHEES AUTOMOBILE,AQUANTIS  l Cabinet de recrutement,"Arcueil, Île-de-France, France",,https://www.linkedin.com/jobs/view/4467375653,2026-09-21
linkedin,Contrôleur de gestion retail,Manager Commerce - CDI H/F,Boulanger,"Pontoise, Île-de-France, France",,https://www.linkedin.com/jobs/view/4469866522,2026-09-21
linkedin,Contrôleur de gestion retail,Strategic Manager,SoTalent,"Bussy-Saint-Georges, Île-de-France, France",,https://www.linkedin.com/jobs/view/4467376471,2026-09-21
linkedin,Contrôleur de gestion retail,Directeur(trice) de Magasin,Vos Candidats,"Villiers-sur-Marne, Île-de-France, France",,https://www.linkedin.com/jobs/view/4468489303,2026-09-21
linkedin,Data Analyst Retail,Responsable e-merchandising / e-commerce - Retail,Allintalent,"Paris, Île-de-France, France",,https://www.linkedin.com/jobs/view/4468729505,2026-09-22
linkedin,Data Analyst Retail,Coordinateur performance opérationnelle H/F,DPD France,"Le Coudray-Montceaux, Île-de-France, France",,https://www.linkedin.com/jobs/view/4467611225,2026-09-22
linkedin,Data Analyst Retail,Consultant Data & Flux (H-F),°Arcane,"Paris, Île-de-France, France",,https://www.linkedin.com/jobs/view/4470283921,2026-09-22
linkedin,Data Analyst Retail,Analytic Consultant - Equipe Manufacturers - Secteur grande consommation,NielsenIQ,"Bezons, Île-de-France, France",,https://www.linkedin.com/jobs/view/4424560775,2026-09-22
linkedin,Demand Planner,"Coordonnateur Terminaux, Approvisionnement & Gestion des Stocks (CDI) H/F",North Atlantic France,"Nanterre, Île-de-France, France",,https://www.linkedin.com/jobs/view/4467539600,2026-09-22
linkedin,Demand Planner,Stage - Assistant(e) Business Planner End of Life (F/H),GIVENCHY,"Paris, Île-de-France, France",,https://www.linkedin.com/jobs/view/4468193094,2026-09-22
linkedin,Demand Planner,STAGE - SUPPLY CHAIN STOCK MANAGEMENT (H/F),Guerlain,"Paris, Île-de-France, France",,https://www.linkedin.com/jobs/view/4467635476,2026-09-22
linkedin,Demand Planner,Responsable Stocks & Flux F&B — Freelance,Standbuy,"Paris, Île-de-France, France",,https://www.linkedin.com/jobs/view/4470403045,2026-09-22
linkedin,Contrôleur de gestion retail,Manager Commerce F/H,Auchan Retail,"Bagnolet, Île-de-France, France",,https://www.linkedin.com/jobs/view/4468554182,2026-09-22
linkedin,Contrôleur de gestion retail,Controleur de gestion (H/F/X),Audiens,"Vanves, Île-de-France, France",,https://www.linkedin.com/jobs/view/4467600635,2026-09-22
linkedin,Data Analyst Retail,Business Analyst/Data Analyst,Jems Group,,,https://www.linkedin.com/jobs/view/4468995353,2026-09-23
linkedin,Data Analyst Retail,Market Research Senior Lead,CHANEL,"Paris, Île-de-France, France",,https://www.linkedin.com/jobs/view/4460602312,2026-09-23
linkedin,Data Analyst Retail,Data Analyst Senior,QUANTEAM (RAINBOW PARTNERS Group),"Paris, Île-de-France, France",,https://www.linkedin.com/jobs/view/4470907684,2026-09-23
linkedin,Data Analyst Retail,Consultant Analystics - F/H,Niji,"Issy-les-Moulineaux, Île-de-France, France",,https://www.linkedin.com/jobs/view/4468587860,2026-09-23
linkedin,Data Analyst Retail,Chef de Projet Data expérimenté F/H,Picard Surgelés,"Issy-les-Moulineaux, Île-de-France, France",,https://www.linkedin.com/jobs/view/4461599846,2026-09-23
linkedin,Data Analyst Retail,Stage - Data Analyst Client B2B F/H,Nestlé Nespresso SA,"Paris, Île-de-France, France",,https://www.linkedin.com/jobs/view/4470419262,2026-09-23
linkedin,Prévision des ventes,Directeur Commercial - Secteur Eau (H/F),UPTOO,"Meaux, Île-de-France, France",,https://www.linkedin.com/jobs/view/4468798609,2026-09-23
linkedin,Prévision des ventes,Conseiller ventes/Conseillère ventes CDI H/F 39H,ESSENTIAL PARFUMS,"Paris, Île-de-France, France",,https://www.linkedin.com/jobs/view/4470450756,2026-09-23
linkedin,Prévision des ventes,Head of Sales SDA,Hisense France,"Asnières-sur-Seine, Île-de-France, France",,https://www.linkedin.com/jobs/view/4469910789,2026-09-23
linkedin,Prévision des ventes,Head of Sales B2G,REEMIND Executive search,"Paris, Île-de-France, France",,https://www.linkedin.com/jobs/view/4461145435,2026-09-23
linkedin,Prévision des ventes,Commercial(e) en construction de maisons individuelles F/H,Groupe BDL,"Creil, Hauts-de-France, France",,https://www.linkedin.com/jobs/view/4470450018,2026-09-23
linkedin,Prévision des ventes,Consultant Commercial Aftermarket,Accenture France,"Paris, Île-de-France, France",,https://www.linkedin.com/jobs/view/4469055933,2026-09-23
linkedin,Prévision des ventes,Conseiller Spécialisé - Commercial(e),EF,"Paris, Île-de-France, France",,https://www.linkedin.com/jobs/view/4460603195,2026-09-23
linkedin,Prévision des ventes,Senior Manager Commercial Finance - France (W/M),Novocure,,,https://www.linkedin.com/jobs/view/4442086827,2026-09-23
linkedin,Prévision des ventes,Clinical Sales Associate,Intuitive,"Paris, Île-de-France, France",,https://www.linkedin.com/jobs/view/4470494291,2026-09-23
linkedin,Prévision des ventes,Technico-Commercial Data Center (H/F) CDI – Région parisienne (Montigny-le-Bretonneux),Kelvion,"Montigny-le-Bretonneux, Île-de-France, France",,https://www.linkedin.com/jobs/view/4452432201,2026-09-23
linkedin,Prévision des ventes,CDI - Conseiller de vente H/F Horlogerie Bijouterie - Magasin du George V,Hermès,"Paris, Île-de-France, France",,https://www.linkedin.com/jobs/view/4433672439,2026-09-23
linkedin,Prévision des ventes,Responsable Adjoint de Boutique H/F – Saint-Quentin-en-Yvelines Espace St Quentin | 35h,Rituals France (B Corp™),"Montigny-le-Bretonneux, Île-de-France, France",,https://www.linkedin.com/jobs/view/4470430135,2026-09-23
linkedin,Prévision des ventes,Ingénieur d'Affaires ERP Grands Comptes (F/H),ADSI by Parthena Consultant,"Puteaux, Île-de-France, France",,https://www.linkedin.com/jobs/view/4468916149,2026-09-23
linkedin,Demand Planner,Consulting Intern in Procurement / Supply Chain Management,Inverto | A BCG Company,"Paris, Île-de-France, France",,https://www.linkedin.com/jobs/view/4460017197,2026-09-23
linkedin,Demand Planner,Consultants Supply Chain - Approvisionnement H/F,PeersGroup,"Île-de-France, France",,https://www.linkedin.com/jobs/view/4469022354,2026-09-23
linkedin,Demand Planner,CS27 - Bac+5 - Ingénieur Performance Achats et Analyse de Données (H/F),Renault Group,"Guyancourt, Île-de-France, France",,https://www.linkedin.com/jobs/view/4469440452,2026-09-23
linkedin,Demand Planner,Consultant stagiaire Operations (H/F),BearingPoint,"Paris, Île-de-France, France",,https://www.linkedin.com/jobs/view/4470915035,2026-09-23
linkedin,Demand Planner,Execution Controlling Lead,Dematic,"Bussy-Saint-Georges, Île-de-France, France",,https://www.linkedin.com/jobs/view/4468919236,2026-09-23
linkedin,Contrôleur de gestion retail,"Finance Manager, Lighter Category & Manufacturing",BIC,"Clichy, Île-de-France, France",,https://www.linkedin.com/jobs/view/4469972175,2026-09-23
linkedin,Contrôleur de gestion retail,Directeur Hypermarché Carrefour H/F,JULIEN Corporate,"Évry-Grégy-sur-Yerre, Île-de-France, France",,https://www.linkedin.com/jobs/view/4468578229,2026-09-23
linkedin,Contrôleur de gestion retail,Directeur (trice) de magasin opticien,Opticiens KRYS Montpellier & Agglo,"Maurepas, Île-de-France, France",,https://www.linkedin.com/jobs/view/4468927792,2026-09-23
linkedin,Contrôleur de gestion retail,assistant·e contrôle interne f/h,ba&sh,,,https://www.linkedin.com/jobs/view/4468578094,2026-09-23
linkedin,Contrôleur de gestion retail,Directeur de supermarché f/h,Alexander B. Smith,"La Garenne-Colombes, Île-de-France, France",,https://www.linkedin.com/jobs/view/4468144807,2026-09-23
linkedin,Contrôleur de gestion retail,Responsable Administratif & Financier (Mode) - Espagnol bilingue - 70 KE,Approach People Recruitment,"Île-de-France, France",,https://www.linkedin.com/jobs/view/4470681934,2026-09-23
linkedin,Contrôleur de gestion retail,Contrôleur de Gestion Commercial de Transition (H/F),Sapiance,"Suresnes, Île-de-France, France",,https://www.linkedin.com/jobs/view/4469435567,2026-09-23
linkedin,Data Analyst Retail,Stage – Business Analyst Stocks & Prix (H/F/X) - Mode – Janvier 2027,CHANEL,"Paris, Île-de-France, France",,https://www.linkedin.com/jobs/view/4469450689,2026-09-24
linkedin,Data Analyst Retail,CHEF DE PROJET RETAIL TOOLS & PROCESS H/F,Longchamp,"Paris, Île-de-France, France",,https://www.linkedin.com/jobs/view/4469448019,2026-09-24
linkedin,Data Analyst Retail,Consultant Analytics - F/H,Niji,"Issy-les-Moulineaux, Île-de-France, France",,https://www.linkedin.com/jobs/view/4469708432,2026-09-24
linkedin,Prévision des ventes,Ingénieur / Ingénieure commercial(e) H/F - Ile de France,Dalkia,"Paris, Île-de-France, France",,https://www.linkedin.com/jobs/view/4469317295,2026-09-24
linkedin,Prévision des ventes,Ingénieur.e Commercial.e Confirmé H/F,L'Usine Nouvelle,"Courbevoie, Île-de-France, France",,https://www.linkedin.com/jobs/view/4471177576,2026-09-24
linkedin,Demand Planner,Planificateur de production / ADV (H/F),Talents ADV-Supply,"Bois-Colombes, Île-de-France, France",,https://www.linkedin.com/jobs/view/4460617184,2026-09-24
linkedin,Demand Planner,Stage Supply Chain F/H,Nestlé,"Issy-les-Moulineaux, Île-de-France, France",,https://www.linkedin.com/jobs/view/4470921547,2026-09-24
linkedin,Demand Planner,Stage Junior Compte Clé Logistique H/F,AB InBev,"Paris, Île-de-France, France",,https://www.linkedin.com/jobs/view/4462018896,2026-09-24
linkedin,Demand Planner,Delivery Manager F/H CDD 6 mois,GBfoods France (Liebig and Royco),"Boulogne-Billancourt, Île-de-France, France",,https://www.linkedin.com/jobs/view/4469454825,2026-09-24
linkedin,Demand Planner,inventory team leader,JD.COM,"Tournan-en-Brie, Île-de-France, France",,https://www.linkedin.com/jobs/view/4471143099,2026-09-24
linkedin,Contrôleur de gestion retail,Contrôleur de Gestion Marketing/Clients H/F,TRUFFAUT,"Lisses, Île-de-France, France",,https://www.linkedin.com/jobs/view/4471131851,2026-09-24
linkedin,Contrôleur de gestion retail,Contrôleur(euse) de gestion (H/F),FoodFlow,"Paris, Île-de-France, France",,https://www.linkedin.com/jobs/view/4469445595,2026-09-24
linkedin,Contrôleur de gestion retail,Manager de Rayon Frais Trads,Monoprix,"Neuilly-sur-Seine, Île-de-France, France",,https://www.linkedin.com/jobs/view/4469465407,2026-09-24
linkedin,Contrôleur de gestion retail,Responsable boutique,Leonie Bakery,"Paris, Île-de-France, France",,https://www.linkedin.com/jobs/view/4471409201,2026-09-24
linkedin,Data Analyst Retail,Pricing Analyst - ML Pricing & Unit Economics (N/F/H),leboncoin,"Paris, Île-de-France, France",,https://www.linkedin.com/jobs/view/4443538149,2026-09-25
linkedin,Data Analyst Retail,Data Analyst & BI - Junior (H/F),ARMIS.TECH,"Paris, Île-de-France, France",,https://www.linkedin.com/jobs/view/4469677255,2026-09-25
linkedin,Data Analyst Retail,Data Scientist,LVMH,"Paris, Île-de-France, France",,https://www.linkedin.com/jobs/view/4471806293,2026-09-25
linkedin,Data Analyst Retail,Sales Strategy Analyst,Salesforce,"Paris, Île-de-France, France",,https://www.linkedin.com/jobs/view/4453099864,2026-09-25
linkedin,Prévision des ventes,Vendeur Projets H/F,SAINT MACLOU,"Vélizy-Villacoublay, Île-de-France, France",,https://www.linkedin.com/jobs/view/4471464416,2026-09-25
linkedin,Prévision des ventes,Vendeur Conseil Fleuristerie/Serre H/F H/F,TRUFFAUT,"Plaisir, Île-de-France, France",,https://www.linkedin.com/jobs/view/4471806140,2026-09-25
linkedin,Demand Planner,STAGE - ASSISTANT.E DISTRIBUTION PLANNER LG (F/H/X) - FEVRIER 2027,CELINE,"Paris, Île-de-France, France",,https://www.linkedin.com/jobs/view/4452499179,2026-09-25
linkedin,Demand Planner,RESPONSABLE PLANIFICATION & OPERATIONS F/H,BARAN RECRUTEMENT,"Évry, Île-de-France, France",,https://www.linkedin.com/jobs/view/4471486401,2026-09-25
linkedin,Contrôleur de gestion retail,CDI - Contrôleur de Gestion Corporate (H/F),MAKE UP FOR EVER,"Levallois-Perret, Île-de-France, France",,https://www.linkedin.com/jobs/view/4471639042,2026-09-25
linkedin,Data Analyst Retail,Alternant(e) Data Analyst,Zeendoc,"Paris, Île-de-France, France",,https://www.linkedin.com/jobs/view/4472031066,2026-09-26
linkedin,Prévision des ventes,Conseiller de vente BIJOUTERIE F/H,Auchan Retail,"Cesson, Île-de-France, France",,https://www.linkedin.com/jobs/view/4470154925,2026-09-26
linkedin,Prévision des ventes,Spare Parts Coordinator,DESMI,"Vélizy-Villacoublay, Île-de-France, France",,https://www.linkedin.com/jobs/view/4453109280,2026-09-26
linkedin,Prévision des ventes,Principal Solution Engineer,Aera Technology,"Paris, Île-de-France, France",,https://www.linkedin.com/jobs/view/4461104426,2026-09-26
linkedin,Prévision des ventes,Assistant ADV H/F/X,VITACLIM,"Croissy-Beaubourg, Île-de-France, France",,https://www.linkedin.com/jobs/view/4470143775,2026-09-26
linkedin,Demand Planner,Responsable Pièces de Rechange Europe H/F,Carrier,"Rueil-Malmaison, Île-de-France, France",,https://www.linkedin.com/jobs/view/4470195608,2026-09-26
linkedin,Demand Planner,Alternance Assistant Category Manager Parapharmacie H/F,Monoprix,"Clichy, Île-de-France, France",,https://www.linkedin.com/jobs/view/4470398264,2026-09-26
linkedin,Demand Planner,Order Fulfillment Manager Pompes Neuves H/F,Arabelle Solutions,"La Courneuve, Île-de-France, France",,https://www.linkedin.com/jobs/view/4470171766,2026-09-26
linkedin,Demand Planner,Supply Chain Strategist / Responsable Stratégie Supply Chain (H/F),GE Vernova,"Paris, Île-de-France, France",,https://www.linkedin.com/jobs/view/4472048588,2026-09-26
linkedin,Prévision des ventes,CDI Conseillère/Conseiller en vente et en aménagement - Montigny les Cormeilles,Leroy Merlin,"Montigny-lès-Cormeilles, Île-de-France, France",,https://www.linkedin.com/jobs/view/4461180358,2026-09-27
linkedin,Demand Planner,Consultant SAP IBP Expert  F/H,Talan,"Paris, Île-de-France, France",,https://www.linkedin.com/jobs/view/4472296424,2026-09-27
linkedin,Data Analyst Retail,Assistant Merchandising Business Analyst Europe F/H - STAGE,Christian Dior Couture,"Paris, Île-de-France, France",,https://www.linkedin.com/jobs/view/4455211986,2026-09-28
linkedin,Demand Planner,EU Logistic Finance Business Partner,JD.COM,"Paris, Île-de-France, France",,https://www.linkedin.com/jobs/view/4444943356,2026-09-28
linkedin,Data Analyst Retail,Business Analytics Manager (f/m/d),HSBC,"Paris, Île-de-France, France",,https://www.linkedin.com/jobs/view/4463789984,2026-09-28
linkedin,Prévision des ventes,Conseiller ventes/Conseillère ventes,OpenSuccess,"Paris, Île-de-France, France",,https://www.linkedin.com/jobs/view/4471338374,2026-09-28
linkedin,Prévision des ventes,Conseiller commercial VEFA - CDI H/F - Evry,Médicis Immobilier Neuf,"Évry, Île-de-France, France",,https://www.linkedin.com/jobs/view/4470848478,2026-09-28
linkedin,Contrôleur de gestion retail,Assistant(e) en Contrôle de Gestion,VEJA,"Paris, Île-de-France, France",,https://www.linkedin.com/jobs/view/4472493964,2026-09-28
linkedin,Data Analyst Retail,Data Analyst Senior Power BI H/F,Free-Work,"Paris, Île-de-France, France",,https://www.linkedin.com/jobs/view/4471242326,2026-09-29
linkedin,Data Analyst Retail,Analytics Engineer,Ledger,"Paris, Île-de-France, France",,https://www.linkedin.com/jobs/view/4470894490,2026-09-29
linkedin,Data Analyst Retail,STAGE - Assistant(e) Business Analyst Retail Europe H/F,maje,"Paris, Île-de-France, France",,https://www.linkedin.com/jobs/view/4472744748,2026-09-29
linkedin,Demand Planner,Data Analyst Assistant Operations Europe - Stage F/H,Christian Dior Couture,"Paris, Île-de-France, France",,https://www.linkedin.com/jobs/view/4455239079,2026-09-29
linkedin,Data Analyst Retail,Stage Assistant Marketing & Data - Janvier 2027 - 6 mois F/H,Galeries Lafayette,"Paris, Île-de-France, France",,https://www.linkedin.com/jobs/view/4473205595,2026-09-29
linkedin,Data Analyst Retail,Senior Product Data Analyst - Publishing Team,Voodoo,"Paris, Île-de-France, France",,https://www.linkedin.com/jobs/view/4436791269,2026-09-29
linkedin,Data Analyst Retail,Analyste pricing VO H/F,Volkswagen Financial Services | France,"Roissy-en-France, Île-de-France, France",,https://www.linkedin.com/jobs/view/4459940341,2026-09-29
linkedin,Prévision des ventes,Vendeur conseil (H/F) - Paris Stalingrad,GRANDVISION FRANCE,"Paris, Île-de-France, France",,https://www.linkedin.com/jobs/view/4470893506,2026-09-29
linkedin,Prévision des ventes,Directeur(trice) de Clientèle (compte clé distributeur) - (H/F),SAVENCIA,"Viroflay, Île-de-France, France",,https://www.linkedin.com/jobs/view/4471389717,2026-09-29
linkedin,Demand Planner,H/F) Acheteur.se / Approvisionneur.se Industriel.le,Wandercraft,"Paris, Île-de-France, France",,https://www.linkedin.com/jobs/view/4472762290,2026-09-29
linkedin,Demand Planner,Consultant stagiaire Operations (H/F),BearingPoint,"Paris, Île-de-France, France",,https://www.linkedin.com/jobs/view/4471398185,2026-09-29
linkedin,Contrôleur de gestion retail,Alternance - Contrôleur de gestion (F/H),COUP DE PATES,"Ferrières, Île-de-France, France",,https://www.linkedin.com/jobs/view/4471385616,2026-09-29
linkedin,Contrôleur de gestion retail,Directeur de Magasin Optique H/F – Paris (75),MindRH Formation,"Paris, Île-de-France, France",,https://www.linkedin.com/jobs/view/4473028457,2026-09-29
linkedin,Contrôleur de gestion retail,"Visual Merchandising Manager, Europe",Chloé,"Paris, Île-de-France, France",,https://www.linkedin.com/jobs/view/4435471559,2026-09-29
linkedin,Contrôleur de gestion retail,Consultant en Contrôle de Gestion H/F,PeersGroup,"Paris, Île-de-France, France",,https://www.linkedin.com/jobs/view/4473227576,2026-09-29
linkedin,Contrôleur de gestion retail,Stage / Alternant.e - Assistant.e Contrôleur de Gestion H/F - Melvita,L'OCCITANE Group (B Corp),"Paris, Île-de-France, France",,https://www.linkedin.com/jobs/view/4472764001,2026-09-29
linkedin,Contrôleur de gestion retail,"STAGE - Assistant(e) Manager des Opérations, boutique ROISSY",CHANEL,"Roissy-en-France, Île-de-France, France",,https://www.linkedin.com/jobs/view/4306054913,2026-09-29
linkedin,Contrôleur de gestion retail,Stage - Contrôle de Gestion – La Samaritaine (F/H),"GROUPE BON MARCHÉ : Le Bon Marché Rive Gauche, La Grande Epicerie de Paris et la Samaritaine","Paris, Île-de-France, France",,https://www.linkedin.com/jobs/view/4471536750,2026-09-29
linkedin,Contrôleur de gestion retail,Manager équipe & commerce (F/H) - magasin Leroy Merlin - bassin 77,Leroy Merlin,"Paris, Île-de-France, France",,https://www.linkedin.com/jobs/view/4470878526,2026-09-29
linkedin,Data Analyst Retail,Analyste performance commerciale,Imperial Brands PLC,"Paris, Île-de-France, France",,https://www.linkedin.com/jobs/view/4472159060,2026-09-30
linkedin,Data Analyst Retail,Gestionnaire Flux & Stock retail - H/F,Claudie Pierlot,"Paris, Île-de-France, France",,https://www.linkedin.com/jobs/view/4473268577,2026-09-30
linkedin,Data Analyst Retail,Stage – Assistant.e Business Analyst Haute Joaillerie & Haute Horlogerie (F/H) – Mars 2027,Louis Vuitton,"Paris, Île-de-France, France",,https://www.linkedin.com/jobs/view/4464479600,2026-09-30
linkedin,Prévision des ventes,Etex France Exteriors - Responsable technico-commercial (Secteur Seine-Maritime / Ile de France),Etex,"Poissy, Île-de-France, France",,https://www.linkedin.com/jobs/view/4473538552,2026-09-30
linkedin,Prévision des ventes,Inside Sales Specialist Data Center Solutions | Paris/France (all genders),BACHMANN Group,"Paris, Île-de-France, France",,https://www.linkedin.com/jobs/view/4472162078,2026-09-30
linkedin,Prévision des ventes,Solution Engineer - Paris,Keepit,"Paris, Île-de-France, France",,https://www.linkedin.com/jobs/view/4464367908,2026-09-30
linkedin,Prévision des ventes,Commercial(e) sédentaire aménagement intérieur - rémunération attractive,Concepteur Vendeur,"Champigny-sur-Marne, Île-de-France, France",,https://www.linkedin.com/jobs/view/4472154756,2026-09-30
linkedin,Demand Planner,Stage - Assistant Business Analyst Demand Planning - Parfums Beauté EUROPE - Janvier 2027 - H/F/X,CHANEL,"Paris, Île-de-France, France",,https://www.linkedin.com/jobs/view/4436267925,2026-09-30
linkedin,Demand Planner,Chef de Marché Génie Climatique H/F - DSC/Saint-Gobain,Saint-Gobain,"Courbevoie, Île-de-France, France",,https://www.linkedin.com/jobs/view/4471739395,2026-09-30
linkedin,Demand Planner,"Gestionnaire Logistique Industrielle (H/F), Vitry-sur-Seine",SNCF Voyageurs,"Vitry-sur-Seine, Île-de-France, France",,https://www.linkedin.com/jobs/view/4473727083,2026-09-30
linkedin,Demand Planner,THALES - APPROVISIONNEUR H/F,Adéquat Interim & Recrutement,"Vélizy-Villacoublay, Île-de-France, France",,https://www.linkedin.com/jobs/view/4464360944,2026-09-30
linkedin,Contrôleur de gestion retail,Alternance - Assistant(e) contrôle de gestion (Sales/FP&A/ Supply Chain) - Janvier 2027,Vestacy,"Massy, Île-de-France, France",,https://www.linkedin.com/jobs/view/4471759378,2026-09-30
linkedin,Demand Planner,CDI - Chargé(e) des Opérations d’Approvisionnement - 1 à 2 ans d'expérience,Avizio | WEFY Group,"Paris, Île-de-France, France",,https://www.linkedin.com/jobs/view/4471755357,2026-09-30
linkedin,Demand Planner,Acheteur - Approvisionneur H/F,Fondation Adolphe de Rothschild,"Paris, Île-de-France, France",,https://www.linkedin.com/jobs/view/4472133435,2026-09-30
linkedin,Demand Planner,Stage - Pilote Déploiement & Optimisation des Stocks H/F - Rueil Malmaison (92),HEINEKEN France,"Rueil, Île-de-France, France",,https://www.linkedin.com/jobs/view/4471901929,2026-09-30
linkedin,Demand Planner,STAGE Distribution Manager Assistant F/H,Thélios,"Paris, Île-de-France, France",,https://www.linkedin.com/jobs/view/4464378205,2026-09-30
linkedin,Demand Planner,Assistant Commercial IT/UK/CH Wholesale F/H - Stage,Christian Dior Couture,"Paris, Île-de-France, France",,https://www.linkedin.com/jobs/view/4473284186,2026-09-30
linkedin,Demand Planner,Product Owner Supply Chain [Luxe-Retail] H/F,Adone Conseil,"Paris, Île-de-France, France",,https://www.linkedin.com/jobs/view/4472137961,2026-09-30
linkedin,Contrôleur de gestion retail,Responsable Commerce F/H,Auchan Retail,"Fontenay-sous-Bois, Île-de-France, France",,https://www.linkedin.com/jobs/view/4471780107,2026-09-30
linkedin,Contrôleur de gestion retail,Responsable de zone IDF,Aux Merveilleux de Fred France,,,https://www.linkedin.com/jobs/view/4473253841,2026-09-30
linkedin,Contrôleur de gestion retail,Responsable du Contrôle de Gestion,COMPASS GROUP FRANCE,"Malakoff, Île-de-France, France",,https://www.linkedin.com/jobs/view/4472133416,2026-09-30
linkedin,Contrôleur de gestion retail,"DIRECTRICE ADJOINTE, CDI 35H",MANGO,"Créteil, Île-de-France, France",,https://www.linkedin.com/jobs/view/4473760260,2026-09-30
linkedin,Contrôleur de gestion retail,Senior FP&A Manager CDI H/F,Shiseido,"Neuilly-sur-Seine, Île-de-France, France",,https://www.linkedin.com/jobs/view/4471937172,2026-09-30
linkedin,Contrôleur de gestion retail,Contrôleur / Contrôleuse de gestion TML en Stage - Monoprix,Monoprix,"Clichy, Île-de-France, France",,https://www.linkedin.com/jobs/view/4471903539,2026-09-30
linkedin,Contrôleur de gestion retail,Responsable de Magasin H/F,STOKOMANI,"Seine-et-Marne, Île-de-France, France",,https://www.linkedin.com/jobs/view/4472143128,2026-09-30
linkedin,Contrôleur de gestion retail,Prestige Sales Controller (6-month contract),Coty,"Paris, Île-de-France, France",,https://www.linkedin.com/jobs/view/4462966323,2026-09-30
linkedin,Data Analyst Retail,Responsable Pricing et Fidélité H/F,Logista Retail France,"Vincennes, Île-de-France, France",,https://www.linkedin.com/jobs/view/4472905642,2026-10-01
linkedin,Data Analyst Retail,CHEF DE PROJET DISTRIBUTION ET PILOTAGE (F/H),CASDEN Banque Populaire,"Paris, Île-de-France, France",,https://www.linkedin.com/jobs/view/4463021440,2026-10-01
linkedin,Prévision des ventes,Commercial(e) / Assistant(e) Des Ventes service commercial France,CARE Fitness,"Bobigny, Île-de-France, France",,https://www.linkedin.com/jobs/view/4474135591,2026-10-01
linkedin,Prévision des ventes,Concepteur Vendeur Confirmé,Cuisines AvivA,"Rosny-sous-Bois, Île-de-France, France",,https://www.linkedin.com/jobs/view/4474152217,2026-10-01
linkedin,Prévision des ventes,Manager Market Access & Customer Analytics (MACA),Intuitive,"Paris, Île-de-France, France",,https://www.linkedin.com/jobs/view/4473922794,2026-10-01
linkedin,Prévision des ventes,Délégué Commercial Respiratoire H/F,VitalAire,"Massy, Île-de-France, France",,https://www.linkedin.com/jobs/view/4473917900,2026-10-01
linkedin,Prévision des ventes,Media Effectiveness Development Lead - Media Mix Modeling,NielsenIQ,"Bezons, Île-de-France, France",,https://www.linkedin.com/jobs/view/4454968632,2026-10-01
linkedin,Prévision des ventes,Ingénieur d'Affaires,Ariston Group,"St.-Denis, Île-de-France, France",,https://www.linkedin.com/jobs/view/4474133557,2026-10-01
linkedin,Demand Planner,STAGE - ASSISTANT.E DISTRIBUTION PLANNER LG (F/H/X) - FEVRIER 2026,CELINE,"Paris, Île-de-France, France",,https://www.linkedin.com/jobs/view/4473920330,2026-10-01
linkedin,Demand Planner,Consultant(e) Manufacturing Supply Chain et développement commercial (H/F),Scalian,"Neuilly-sur-Seine, Île-de-France, France",,https://www.linkedin.com/jobs/view/4474133893,2026-10-01
linkedin,Demand Planner,Chef de Marché Electricité H/F - DSC/Saint-Gobain,Saint-Gobain,"Courbevoie, Île-de-France, France",,https://www.linkedin.com/jobs/view/4472901781,2026-10-01
linkedin,Demand Planner,Stage - Planning sales & opération execution F/H - Rueil Malmaison (92),HEINEKEN France,"Rueil, Île-de-France, France",,https://www.linkedin.com/jobs/view/4472534186,2026-10-01
linkedin,Contrôleur de gestion retail,Responsable Magasin Itinérant F/H,Aroma-Zone,"Paris, Île-de-France, France",,https://www.linkedin.com/jobs/view/4446130705,2026-10-01
linkedin,Contrôleur de gestion retail,Assistant(e) de Gestion H/F CDI,Cuisines AvivA,"Paris, Île-de-France, France",,https://www.linkedin.com/jobs/view/4473928319,2026-10-01
linkedin,Contrôleur de gestion retail,Manager de rayon fruits et légumes H/F,Coopérative U,"Paris, Île-de-France, France",,https://www.linkedin.com/jobs/view/4474161102,2026-10-01
